<?xml version="1.0" encoding="UTF-8"?>
<UserStoreManager class="org.wso2.micro.integrator.security.user.core.jdbc.JDBCUserStoreManager">
   <!-- fill the following property values -->
   <Property name="url"></Property>
   <Property name="userName"></Property>
   <Property name="password"></Property>
   <Property name="DomainName"></Property>
   <Property name="driverName"></Property>
   
   <Property name="Disabled">false</Property>
   <Property name="ReadOnly">false</Property>
   <Property name="ReadGroups">true</Property>
   <Property name="WriteGroups">true</Property>
   <Property name="UsernameJavaRegEx">^[\S]{5,30}$</Property>
   <Property name="UsernameJavaScriptRegEx">^[\S]{5,30}$</Property>
   <Property name="UsernameJavaRegExViolationErrorMsg">Username pattern policy violated.</Property>
   <Property name="PasswordJavaRegEx">^[\S]{5,30}$</Property>
   <Property name="PasswordJavaScriptRegEx">^[\S]{5,30}$</Property>
   <Property name="PasswordJavaRegExViolationErrorMsg">Password pattern policy violated.</Property>
   <Property name="RolenameJavaRegEx">^[\S]{5,30}$</Property>
   <Property name="RolenameJavaScriptRegEx">^[\S]{5,30}$</Property>
   <Property name="CaseInsensitiveUsername">false</Property>
   <Property name="SCIMEnabled">false</Property>
   <Property name="IsBulkImportSupported">false</Property>
   <Property name="PasswordDigest">SHA-256</Property>
   <Property name="MultiAttributeSeparator">,</Property>
   <Property name="StoreSaltedPassword">true</Property>
   <Property name="MaxUserNameListLength">100</Property>
   <Property name="MaxRoleNameListLength">100</Property>
   <Property name="UserRolesCacheEnabled">true</Property>
   <Property name="UserNameUniqueAcrossTenants">false</Property>
   <Property name="validationQuery"/>
   <Property name="validationInterval"/>
   <Property name="defaultAutoCommit"/>
   <Property name="defaultReadOnly"/>
   <Property name="defaultTransactionIsolation"/>
   <Property name="defaultCatalog"/>
   <Property name="initialSize"/>
   <Property name="testOnReturn">false</Property>
   <Property name="testOnBorrow">false</Property>
   <Property name="validatorClassName"/>
   <Property name="numTestsPerEvictionRun"/>
   <Property name="accessToUnderlyingConnectionAllowed"/>
   <Property name="removeAbandoned">false</Property>
   <Property name="removeAbandonedTimeout"/>
   <Property name="logAbandoned">false</Property>
   <Property name="connectionProperties"/>
   <Property name="initSQL"/>
   <Property name="jdbcInterceptors"/>
   <Property name="jmxEnabled">true</Property>
   <Property name="fairQueue">true</Property>
   <Property name="abandonWhenPercentageFull"/>
   <Property name="maxAge"/>
   <Property name="useEquals">true</Property>
   <Property name="suspectTimeout"/>
   <Property name="validationQueryTimeout"/>
   <Property name="alternateUsernameAllowed">false</Property>
   <Property name="commitOnReturn">false</Property>
   <Property name="rollbackOnReturn">false</Property>
   <Property name="CountRetrieverClass">org.wso2.carbon.identity.user.store.count.jdbc.JDBCUserStoreCountRetriever</Property>
   <Property name="SelectUserSQL">SELECT UM_ID, UM_USER_NAME, UM_USER_PASSWORD, UM_SALT_VALUE, UM_REQUIRE_CHANGE, UM_CHANGED_TIME FROM UM_USER WHERE UM_USER_NAME=? AND UM_TENANT_ID=?</Property>
   <Property name="SelectUserSQLCaseInsensitive">SELECT UM_ID, UM_USER_NAME, UM_USER_PASSWORD, UM_SALT_VALUE, UM_REQUIRE_CHANGE, UM_CHANGED_TIME FROM UM_USER WHERE LOWER(UM_USER_NAME)=LOWER(?) AND UM_TENANT_ID=?</Property>
   <Property name="GetRoleListSQL">SELECT UM_ROLE_NAME, UM_TENANT_ID, UM_SHARED_ROLE FROM UM_ROLE WHERE UM_ROLE_NAME LIKE ? AND UM_TENANT_ID=? AND UM_SHARED_ROLE ='0' ORDER BY UM_ROLE_NAME</Property>
   <Property name="GetSharedRoleListSQL">SELECT UM_ROLE_NAME, UM_TENANT_ID, UM_SHARED_ROLE FROM UM_ROLE WHERE UM_ROLE_NAME LIKE ? AND UM_SHARED_ROLE ='1' ORDER BY UM_ROLE_NAME</Property>
   <Property name="UserFilterSQL">SELECT UM_USER_NAME FROM UM_USER WHERE UM_USER_NAME LIKE ? AND UM_TENANT_ID=? ORDER BY UM_USER_NAME</Property>
   <Property name="UserFilterSQLWithEscape">SELECT UM_USER_NAME FROM UM_USER WHERE UM_USER_NAME LIKE ? ESCAPE ? AND UM_TENANT_ID=? ORDER BY UM_USER_NAME</Property>
   <Property name="UserFilterSQLCaseInsensitive">SELECT UM_USER_NAME FROM UM_USER WHERE LOWER(UM_USER_NAME) LIKE LOWER(?) AND UM_TENANT_ID=? ORDER BY UM_USER_NAME</Property>
   <Property name="UserFilterSQLCaseInsensitiveWithEscape">SELECT UM_USER_NAME FROM UM_USER WHERE LOWER(UM_USER_NAME) LIKE LOWER(?) ESCAPE ? AND UM_TENANT_ID=? ORDER BY UM_USER_NAME</Property>
   <Property name="UserRoleSQL">SELECT UM_ROLE_NAME FROM UM_USER_ROLE, UM_ROLE, UM_USER WHERE UM_USER.UM_USER_NAME=? AND UM_USER.UM_ID=UM_USER_ROLE.UM_USER_ID AND UM_ROLE.UM_ID=UM_USER_ROLE.UM_ROLE_ID AND UM_USER_ROLE.UM_TENANT_ID=? AND UM_ROLE.UM_TENANT_ID=? AND UM_USER.UM_TENANT_ID=?</Property>
   <Property name="UserRoleExistSQL">SELECT UM_ROLE_NAME FROM UM_USER_ROLE, UM_ROLE, UM_USER WHERE UM_USER.UM_USER_NAME=? AND UM_USER.UM_ID=UM_USER_ROLE.UM_USER_ID AND UM_ROLE.UM_ID=UM_USER_ROLE.UM_ROLE_ID AND UM_USER_ROLE.UM_TENANT_ID=? AND UM_ROLE.UM_TENANT_ID=? AND UM_USER.UM_TENANT_ID=? AND UM_ROLE_NAME LIKE ?</Property>
   <Property name="UserRoleSQLCaseInsensitive">SELECT UM_ROLE_NAME FROM UM_USER_ROLE, UM_ROLE, UM_USER WHERE LOWER(UM_USER.UM_USER_NAME)=LOWER(?) AND UM_USER.UM_ID=UM_USER_ROLE.UM_USER_ID AND UM_ROLE.UM_ID=UM_USER_ROLE.UM_ROLE_ID AND UM_USER_ROLE.UM_TENANT_ID=? AND UM_ROLE.UM_TENANT_ID=? AND UM_USER.UM_TENANT_ID=?</Property>
   <Property name="IsUserRoleExistSQLCaseInsensitive">SELECT UM_ROLE_NAME FROM UM_USER_ROLE, UM_ROLE, UM_USER WHERE LOWER(UM_USER.UM_USER_NAME)=LOWER(?) AND UM_USER.UM_ID=UM_USER_ROLE.UM_USER_ID AND UM_ROLE.UM_ID=UM_USER_ROLE.UM_ROLE_ID AND UM_USER_ROLE.UM_TENANT_ID=? AND UM_ROLE.UM_TENANT_ID=? AND UM_USER.UM_TENANT_ID=? AND UM_ROLE_NAME LIKE ?</Property>
   <Property name="UserSharedRoleSQL">SELECT UM_ROLE_NAME, UM_ROLE.UM_TENANT_ID, UM_SHARED_ROLE FROM UM_SHARED_USER_ROLE INNER JOIN UM_USER ON UM_SHARED_USER_ROLE.UM_USER_ID = UM_USER.UM_ID INNER JOIN UM_ROLE ON UM_SHARED_USER_ROLE.UM_ROLE_ID = UM_ROLE.UM_ID WHERE UM_USER.UM_USER_NAME = ? AND UM_SHARED_USER_ROLE.UM_USER_TENANT_ID = UM_USER.UM_TENANT_ID AND UM_SHARED_USER_ROLE.UM_ROLE_TENANT_ID = UM_ROLE.UM_TENANT_ID AND UM_SHARED_USER_ROLE.UM_USER_TENANT_ID = ? </Property>
   <Property name="UserSharedRoleSQLCaseInsensitive">SELECT UM_ROLE_NAME, UM_ROLE.UM_TENANT_ID, UM_SHARED_ROLE FROM UM_SHARED_USER_ROLE INNER JOIN UM_USER ON UM_SHARED_USER_ROLE.UM_USER_ID = UM_USER.UM_ID INNER JOIN UM_ROLE ON UM_SHARED_USER_ROLE.UM_ROLE_ID = UM_ROLE.UM_ID WHERE LOWER(UM_USER.UM_USER_NAME) = LOWER(?) AND UM_SHARED_USER_ROLE.UM_USER_TENANT_ID = UM_USER.UM_TENANT_ID AND UM_SHARED_USER_ROLE.UM_ROLE_TENANT_ID = UM_ROLE.UM_TENANT_ID AND UM_SHARED_USER_ROLE.UM_USER_TENANT_ID = ? </Property>
   <Property name="IsRoleExistingSQL">SELECT UM_ID FROM UM_ROLE WHERE UM_ROLE_NAME=? AND UM_TENANT_ID=?</Property>
   <Property name="GetUserListOfRoleSQL">SELECT UM_USER_NAME FROM UM_USER_ROLE, UM_ROLE, UM_USER WHERE UM_ROLE.UM_ROLE_NAME=? AND UM_USER.UM_ID=UM_USER_ROLE.UM_USER_ID AND UM_ROLE.UM_ID=UM_USER_ROLE.UM_ROLE_ID AND UM_USER_ROLE.UM_TENANT_ID=? AND UM_ROLE.UM_TENANT_ID=? AND UM_USER.UM_TENANT_ID=?</Property>
   <Property name="GetUserListOfSharedRoleSQL">SELECT UM_USER_NAME FROM UM_SHARED_USER_ROLE INNER JOIN UM_USER ON UM_SHARED_USER_ROLE.UM_USER_ID = UM_USER.UM_ID INNER JOIN UM_ROLE ON UM_SHARED_USER_ROLE.UM_ROLE_ID = UM_ROLE.UM_ID WHERE UM_ROLE.UM_ROLE_NAME= ? AND UM_SHARED_USER_ROLE.UM_USER_TENANT_ID = UM_USER.UM_TENANT_ID AND UM_SHARED_USER_ROLE.UM_ROLE_TENANT_ID = UM_ROLE.UM_TENANT_ID</Property>
   <Property name="IsUserExistingSQL">SELECT UM_ID FROM UM_USER WHERE UM_USER_NAME=? AND UM_TENANT_ID=?</Property>
   <Property name="IsUserExistingSQLCaseInsensitive">SELECT UM_ID FROM UM_USER WHERE LOWER(UM_USER_NAME)=LOWER(?) AND UM_TENANT_ID=?</Property>
   <Property name="GetUserPropertiesForProfileSQL">SELECT UM_ATTR_NAME, UM_ATTR_VALUE FROM UM_USER_ATTRIBUTE, UM_USER WHERE UM_USER.UM_ID = UM_USER_ATTRIBUTE.UM_USER_ID AND UM_USER.UM_USER_NAME=? AND UM_PROFILE_ID=? AND UM_USER_ATTRIBUTE.UM_TENANT_ID=? AND UM_USER.UM_TENANT_ID=?</Property>
   <Property name="GetUserPropertiesForProfileSQLCaseInsensitive">SELECT UM_ATTR_NAME, UM_ATTR_VALUE FROM UM_USER_ATTRIBUTE, UM_USER WHERE UM_USER.UM_ID = UM_USER_ATTRIBUTE.UM_USER_ID AND LOWER(UM_USER.UM_USER_NAME)=LOWER(?) AND UM_PROFILE_ID=? AND UM_USER_ATTRIBUTE.UM_TENANT_ID=? AND UM_USER.UM_TENANT_ID=?</Property>
   <Property name="GetUserPropertyForProfileSQL">SELECT UM_ATTR_VALUE FROM UM_USER_ATTRIBUTE, UM_USER WHERE UM_USER.UM_ID = UM_USER_ATTRIBUTE.UM_USER_ID AND UM_USER.UM_USER_NAME=? AND UM_ATTR_NAME=? AND UM_PROFILE_ID=? AND UM_USER_ATTRIBUTE.UM_TENANT_ID=? AND UM_USER.UM_TENANT_ID=?</Property>
   <Property name="GetUserPropertyForProfileSQLCaseInsensitive">SELECT UM_ATTR_VALUE FROM UM_USER_ATTRIBUTE, UM_USER WHERE UM_USER.UM_ID = UM_USER_ATTRIBUTE.UM_USER_ID AND LOWER(UM_USER.UM_USER_NAME)=LOWER(?) AND UM_ATTR_NAME=? AND UM_PROFILE_ID=? AND UM_USER_ATTRIBUTE.UM_TENANT_ID=? AND UM_USER.UM_TENANT_ID=?</Property>
   <Property name="GetUserLisForPropertySQL">SELECT DISTINCT UM_USER_NAME FROM UM_USER, UM_USER_ATTRIBUTE WHERE UM_USER_ATTRIBUTE.UM_USER_ID = UM_USER.UM_ID AND UM_USER_ATTRIBUTE.UM_ATTR_NAME =? AND UM_USER_ATTRIBUTE.UM_ATTR_VALUE LIKE ? AND UM_USER_ATTRIBUTE.UM_PROFILE_ID=? AND UM_USER_ATTRIBUTE.UM_TENANT_ID=? AND UM_USER.UM_TENANT_ID=?</Property>
   <Property name="GetProfileNamesSQL">SELECT DISTINCT UM_PROFILE_ID FROM UM_USER_ATTRIBUTE WHERE UM_TENANT_ID=?</Property>
   <Property name="GetUserProfileNamesSQL">SELECT DISTINCT UM_PROFILE_ID FROM UM_USER_ATTRIBUTE WHERE UM_USER_ID=(SELECT UM_ID FROM UM_USER WHERE UM_USER_NAME=? AND UM_TENANT_ID=?) AND UM_TENANT_ID=?</Property>
   <Property name="GetUserProfileNamesSQLCaseInsensitive">SELECT DISTINCT UM_PROFILE_ID FROM UM_USER_ATTRIBUTE WHERE UM_USER_ID=(SELECT UM_ID FROM UM_USER WHERE LOWER(UM_USER_NAME)=LOWER(?) AND UM_TENANT_ID=?) AND UM_TENANT_ID=?</Property>
   <Property name="GetUserIDFromUserNameSQL">SELECT UM_ID FROM UM_USER WHERE UM_USER_NAME=? AND UM_TENANT_ID=?</Property>
   <Property name="GetUserIDFromUserNameSQLCaseInsensitive">SELECT UM_ID FROM UM_USER WHERE LOWER(UM_USER_NAME)=LOWER(?) AND UM_TENANT_ID=?</Property>
   <Property name="GetUserNameFromTenantIDSQL">SELECT UM_USER_NAME FROM UM_USER WHERE UM_TENANT_ID=?</Property>
   <Property name="GetTenantIDFromUserNameSQL">SELECT UM_TENANT_ID FROM UM_USER WHERE UM_USER_NAME=?</Property>
   <Property name="GetTenantIDFromUserNameSQLCaseInsensitive">SELECT UM_TENANT_ID FROM UM_USER WHERE LOWER(UM_USER_NAME)=LOWER(?)</Property>
   <Property name="AddUserSQL">INSERT INTO UM_USER (UM_USER_NAME, UM_USER_PASSWORD, UM_SALT_VALUE, UM_REQUIRE_CHANGE, UM_CHANGED_TIME, UM_TENANT_ID) VALUES (?, ?, ?, ?, ?, ?)</Property>
   <Property name="AddUserToRoleSQL">INSERT INTO UM_USER_ROLE (UM_USER_ID, UM_ROLE_ID, UM_TENANT_ID) VALUES ((SELECT UM_ID FROM UM_USER WHERE UM_USER_NAME=? AND UM_TENANT_ID=?),(SELECT UM_ID FROM UM_ROLE WHERE UM_ROLE_NAME=? AND UM_TENANT_ID=?), ?)</Property>
   <Property name="AddUserToRoleSQLCaseInsensitive">INSERT INTO UM_USER_ROLE (UM_USER_ID, UM_ROLE_ID, UM_TENANT_ID) VALUES ((SELECT UM_ID FROM UM_USER WHERE LOWER(UM_USER_NAME)=LOWER(?) AND UM_TENANT_ID=?),(SELECT UM_ID FROM UM_ROLE WHERE UM_ROLE_NAME=? AND UM_TENANT_ID=?), ?)</Property>
   <Property name="AddRoleSQL">INSERT INTO UM_ROLE (UM_ROLE_NAME, UM_TENANT_ID) VALUES (?, ?)</Property>
   <Property name="AddSharedRoleSQL">UPDATE UM_ROLE SET UM_SHARED_ROLE = ? WHERE UM_ROLE_NAME = ? AND UM_TENANT_ID = ?</Property>
   <Property name="AddRoleToUserSQL">INSERT INTO UM_USER_ROLE (UM_ROLE_ID, UM_USER_ID, UM_TENANT_ID) VALUES ((SELECT UM_ID FROM UM_ROLE WHERE UM_ROLE_NAME=? AND UM_TENANT_ID=?),(SELECT UM_ID FROM UM_USER WHERE UM_USER_NAME=? AND UM_TENANT_ID=?), ?)</Property>
   <Property name="AddSharedRoleToUserSQL">INSERT INTO UM_SHARED_USER_ROLE (UM_ROLE_ID, UM_USER_ID, UM_USER_TENANT_ID, UM_ROLE_TENANT_ID) VALUES ((SELECT UM_ID FROM UM_ROLE WHERE UM_ROLE_NAME=? AND UM_TENANT_ID=?),(SELECT UM_ID FROM UM_USER WHERE UM_USER_NAME=? AND UM_TENANT_ID=?), ?, ?)</Property>
   <Property name="AddSharedRoleToUserSQLCaseInsensitive">INSERT INTO UM_SHARED_USER_ROLE (UM_ROLE_ID, UM_USER_ID, UM_USER_TENANT_ID, UM_ROLE_TENANT_ID) VALUES ((SELECT UM_ID FROM UM_ROLE WHERE UM_ROLE_NAME=? AND UM_TENANT_ID=?), (SELECT UM_ID FROM UM_USER WHERE LOWER(UM_USER_NAME)=LOWER(?) AND UM_TENANT_ID=?), ?, ?)</Property>
   <Property name="RemoveUserFromSharedRoleSQL">DELETE FROM UM_SHARED_USER_ROLE WHERE   UM_ROLE_ID=(SELECT UM_ID FROM UM_ROLE WHERE UM_ROLE_NAME=? AND UM_TENANT_ID=?) AND UM_USER_ID=(SELECT UM_ID FROM UM_USER WHERE UM_USER_NAME=? AND UM_TENANT_ID=?) AND UM_USER_TENANT_ID=? AND UM_ROLE_TENANT_ID = ?</Property>
   <Property name="RemoveUserFromRoleSQLCaseInsensitive">DELETE FROM UM_USER_ROLE WHERE UM_USER_ID=(SELECT UM_ID FROM UM_USER WHERE LOWER(UM_USER_NAME)=LOWER(?) AND UM_TENANT_ID=?) AND UM_ROLE_ID=(SELECT UM_ID FROM UM_ROLE WHERE UM_ROLE_NAME=? AND UM_TENANT_ID=?) AND UM_TENANT_ID=?</Property>
   <Property name="RemoveUserFromRoleSQL">DELETE FROM UM_USER_ROLE WHERE UM_USER_ID=(SELECT UM_ID FROM UM_USER WHERE UM_USER_NAME=? AND UM_TENANT_ID=?) AND UM_ROLE_ID=(SELECT UM_ID FROM UM_ROLE WHERE UM_ROLE_NAME=? AND UM_TENANT_ID=?) AND UM_TENANT_ID=?</Property>
   <Property name="RemoveUserFromRoleSQLCaseInsensitive">DELETE FROM UM_USER_ROLE WHERE UM_USER_ID=(SELECT UM_ID FROM UM_USER WHERE LOWER(UM_USER_NAME)=LOWER(?) AND UM_TENANT_ID=?) AND UM_ROLE_ID=(SELECT UM_ID FROM UM_ROLE WHERE UM_ROLE_NAME=? AND UM_TENANT_ID=?) AND UM_TENANT_ID=?</Property>
   <Property name="RemoveRoleFromUserSQL">DELETE FROM UM_USER_ROLE WHERE UM_ROLE_ID=(SELECT UM_ID FROM UM_ROLE WHERE UM_ROLE_NAME=? AND UM_TENANT_ID=?) AND UM_USER_ID=(SELECT UM_ID FROM UM_USER WHERE UM_USER_NAME=? AND UM_TENANT_ID=?) AND UM_TENANT_ID=?</Property>
   <Property name="RemoveRoleFromUserSQLCaseInsensitive">DELETE FROM UM_USER_ROLE WHERE UM_ROLE_ID=(SELECT UM_ID FROM UM_ROLE WHERE UM_ROLE_NAME=? AND UM_TENANT_ID=?) AND UM_USER_ID=(SELECT UM_ID FROM UM_USER WHERE LOWER(UM_USER_NAME)=LOWER(?) AND UM_TENANT_ID=?) AND UM_TENANT_ID=?</Property>
   <Property name="DeleteRoleSQL">DELETE FROM UM_ROLE WHERE UM_ROLE_NAME = ? AND UM_TENANT_ID=?</Property>
   <Property name="OnDeleteRoleRemoveUserRoleMappingSQL">DELETE FROM UM_USER_ROLE WHERE UM_ROLE_ID=(SELECT UM_ID FROM UM_ROLE WHERE UM_ROLE_NAME=? AND UM_TENANT_ID=?) AND UM_TENANT_ID=?</Property>
   <Property name="DeleteUserSQL">DELETE FROM UM_USER WHERE UM_USER_NAME = ? AND UM_TENANT_ID=?</Property>
   <Property name="DeleteUserSQLCaseInsensitive">DELETE FROM UM_USER WHERE LOWER(UM_USER_NAME) = LOWER(?) AND UM_TENANT_ID=?</Property>
   <Property name="OnDeleteUserRemoveUserRoleMappingSQL">DELETE FROM UM_USER_ROLE WHERE UM_USER_ID=(SELECT UM_ID FROM UM_USER WHERE UM_USER_NAME=? AND UM_TENANT_ID=?) AND UM_TENANT_ID=?</Property>
   <Property name="OnDeleteUserRemoveUserAttributeSQL">DELETE FROM UM_USER_ATTRIBUTE WHERE UM_USER_ID=(SELECT UM_ID FROM UM_USER WHERE UM_USER_NAME=? AND UM_TENANT_ID=?) AND UM_TENANT_ID=?</Property>
   <Property name="OnDeleteUserRemoveUserAttributeSQLCaseInsensitive">DELETE FROM UM_USER_ATTRIBUTE WHERE UM_USER_ID=(SELECT UM_ID FROM UM_USER WHERE LOWER(UM_USER_NAME)=LOWER(?) AND UM_TENANT_ID=?) AND UM_TENANT_ID=?</Property>
   <Property name="UpdateUserPasswordSQL">UPDATE UM_USER SET UM_USER_PASSWORD= ?, UM_SALT_VALUE=?, UM_REQUIRE_CHANGE=?, UM_CHANGED_TIME=? WHERE UM_USER_NAME= ? AND UM_TENANT_ID=?</Property>
   <Property name="UpdateUserPasswordSQLCaseInsensitive">UPDATE UM_USER SET UM_USER_PASSWORD= ?, UM_SALT_VALUE=?, UM_REQUIRE_CHANGE=?, UM_CHANGED_TIME=? WHERE LOWER(UM_USER_NAME)= LOWER(?) AND UM_TENANT_ID=?</Property>
   <Property name="UpdateRoleNameSQL">UPDATE UM_ROLE set UM_ROLE_NAME=? WHERE UM_ROLE_NAME = ? AND UM_TENANT_ID=?</Property>
   <Property name="AddUserPropertySQL">INSERT INTO UM_USER_ATTRIBUTE (UM_USER_ID, UM_ATTR_NAME, UM_ATTR_VALUE, UM_PROFILE_ID, UM_TENANT_ID) VALUES ((SELECT UM_ID FROM UM_USER WHERE UM_USER_NAME=? AND UM_TENANT_ID=?), ?, ?, ?, ?)</Property>
   <Property name="UpdateUserPropertySQL">UPDATE UM_USER_ATTRIBUTE SET UM_ATTR_VALUE=? WHERE UM_USER_ID=(SELECT UM_ID FROM UM_USER WHERE UM_USER_NAME=? AND UM_TENANT_ID=?) AND UM_ATTR_NAME=? AND UM_PROFILE_ID=? AND UM_TENANT_ID=?</Property>
   <Property name="UpdateUserPropertySQLCaseInsensitive">UPDATE UM_USER_ATTRIBUTE SET UM_ATTR_VALUE=? WHERE UM_USER_ID=(SELECT UM_ID FROM UM_USER WHERE LOWER(UM_USER_NAME)=LOWER(?) AND UM_TENANT_ID=?) AND UM_ATTR_NAME=? AND UM_PROFILE_ID=? AND UM_TENANT_ID=?</Property>
   <Property name="DeleteUserPropertySQL">DELETE FROM UM_USER_ATTRIBUTE WHERE UM_USER_ID=(SELECT UM_ID FROM UM_USER WHERE UM_USER_NAME=? AND UM_TENANT_ID=?) AND UM_ATTR_NAME=? AND UM_PROFILE_ID=? AND UM_TENANT_ID=?</Property>
   <Property name="DeleteUserPropertySQLCaseInsensitive">DELETE FROM UM_USER_ATTRIBUTE WHERE UM_USER_ID=(SELECT UM_ID FROM UM_USER WHERE LOWER(UM_USER_NAME)=LOWER(?) AND UM_TENANT_ID=?) AND UM_ATTR_NAME=? AND UM_PROFILE_ID=? AND UM_TENANT_ID=?</Property>
   <Property name="UserNameUniqueAcrossTenantsSQL">SELECT UM_ID FROM UM_USER WHERE UM_USER_NAME=?</Property>
   <Property name="UserNameUniqueAcrossTenantsSQLCaseInsensitive">SELECT UM_ID FROM UM_USER WHERE LOWER(UM_USER_NAME)=LOWER(?)</Property>
   <Property name="IsDomainExistingSQL">SELECT UM_DOMAIN_ID FROM UM_DOMAIN WHERE UM_DOMAIN_NAME=? AND UM_TENANT_ID=?</Property>
   <Property name="AddDomainSQL">INSERT INTO UM_DOMAIN (UM_DOMAIN_NAME, UM_TENANT_ID) VALUES (?, ?)</Property>
   <Property name="AddUserToRoleSQL-mssql">INSERT INTO UM_USER_ROLE (UM_USER_ID, UM_ROLE_ID, UM_TENANT_ID) SELECT (SELECT UM_ID FROM UM_USER WHERE UM_USER_NAME=? AND UM_TENANT_ID=?),(SELECT UM_ID FROM UM_ROLE WHERE UM_ROLE_NAME=? AND UM_TENANT_ID=?),(?)</Property>
   <Property name="AddRoleToUserSQL-mssql">INSERT INTO UM_USER_ROLE (UM_ROLE_ID, UM_USER_ID, UM_TENANT_ID) SELECT (SELECT UM_ID FROM UM_ROLE WHERE UM_ROLE_NAME=? AND UM_TENANT_ID=?),(SELECT UM_ID FROM UM_USER WHERE UM_USER_NAME=? AND UM_TENANT_ID=?), (?)</Property>
   <Property name="AddUserPropertySQL-mssql">INSERT INTO UM_USER_ATTRIBUTE (UM_USER_ID, UM_ATTR_NAME, UM_ATTR_VALUE, UM_PROFILE_ID, UM_TENANT_ID) SELECT (SELECT UM_ID FROM UM_USER WHERE UM_USER_NAME=? AND UM_TENANT_ID=?), (?), (?), (?), (?)</Property>
   <Property name="AddUserToRoleSQLCaseInsensitive-mssql">INSERT INTO UM_USER_ROLE (UM_USER_ID, UM_ROLE_ID, UM_TENANT_ID) SELECT (SELECT UM_ID FROM UM_USER WHERE LOWER(UM_USER_NAME)=LOWER(?) AND UM_TENANT_ID=?),(SELECT UM_ID FROM UM_ROLE WHERE UM_ROLE_NAME=? AND UM_TENANT_ID=?),(?)</Property>
   <Property name="AddRoleToUserSQLCaseInsensitive-mssql">INSERT INTO UM_USER_ROLE (UM_ROLE_ID, UM_USER_ID, UM_TENANT_ID) SELECT (SELECT UM_ID FROM UM_ROLE WHERE UM_ROLE_NAME=? AND UM_TENANT_ID=?),(SELECT UM_ID FROM UM_USER WHERE LOWER(UM_USER_NAME)=LOWER(?) AND UM_TENANT_ID=?), (?)</Property>
   <Property name="AddUserPropertySQLCaseInsensitive-mssql">INSERT INTO UM_USER_ATTRIBUTE (UM_USER_ID, UM_ATTR_NAME, UM_ATTR_VALUE, UM_PROFILE_ID, UM_TENANT_ID) SELECT (SELECT UM_ID FROM UM_USER WHERE LOWER(UM_USER_NAME)=LOWER(?) AND UM_TENANT_ID=?), (?), (?), (?), (?)</Property>
   <Property name="AddUserToRoleSQL-openedge">INSERT INTO UM_USER_ROLE (UM_USER_ID, UM_ROLE_ID, UM_TENANT_ID) SELECT UU.UM_ID, UR.UM_ID, ? FROM UM_USER UU, UM_ROLE UR WHERE UU.UM_USER_NAME=? AND UU.UM_TENANT_ID=? AND UR.UM_ROLE_NAME=? AND UR.UM_TENANT_ID=?</Property>
   <Property name="AddRoleToUserSQL-openedge">INSERT INTO UM_USER_ROLE (UM_ROLE_ID, UM_USER_ID, UM_TENANT_ID) SELECT UR.UM_ID, UU.UM_ID, ? FROM UM_ROLE UR, UM_USER UU WHERE UR.UM_ROLE_NAME=? AND UR.UM_TENANT_ID=? AND UU.UM_USER_NAME=? AND UU.UM_TENANT_ID=?</Property>
   <Property name="AddUserPropertySQL-openedge">INSERT INTO UM_USER_ATTRIBUTE (UM_USER_ID, UM_ATTR_NAME, UM_ATTR_VALUE, UM_PROFILE_ID, UM_TENANT_ID) SELECT UM_ID, ?, ?, ?, ? FROM UM_USER WHERE UM_USER_NAME=? AND UM_TENANT_ID=?</Property>
   <Property name="AddUserToRoleSQLCaseInsensitive-openedge">INSERT INTO UM_USER_ROLE (UM_USER_ID, UM_ROLE_ID, UM_TENANT_ID) SELECT UU.UM_ID, UR.UM_ID, ? FROM UM_USER UU, UM_ROLE UR WHERE LOWER(UU.UM_USER_NAME)=LOWER(?) AND UU.UM_TENANT_ID=? AND UR.UM_ROLE_NAME=? AND UR.UM_TENANT_ID=?</Property>
   <Property name="AddRoleToUserSQLCaseInsensitive-openedge">INSERT INTO UM_USER_ROLE (UM_ROLE_ID, UM_USER_ID, UM_TENANT_ID) SELECT UR.UM_ID, UU.UM_ID, ? FROM UM_ROLE UR, UM_USER UU WHERE UR.UM_ROLE_NAME=? AND UR.UM_TENANT_ID=? AND LOWER(UU.UM_USER_NAME)=LOWER(?) AND UU.UM_TENANT_ID=?</Property>
   <Property name="AddUserPropertySQLCaseInsensitive-openedge">INSERT INTO UM_USER_ATTRIBUTE (UM_USER_ID, UM_ATTR_NAME, UM_ATTR_VALUE, UM_PROFILE_ID, UM_TENANT_ID) SELECT UM_ID, ?, ?, ?, ? FROM UM_USER WHERE LOWER(UM_USER_NAME)=LOWER(?) AND UM_TENANT_ID=?</Property>
   <Property name="ClaimOperationsSupported">true</Property>
   <Property name="Description"/>
</UserStoreManager>
