<?xml version="1.0" encoding="UTF-8"?>
<UserStoreManager class="org.wso2.carbon.user.core.ldap.ReadOnlyLDAPUserStoreManager">
   <!-- fill the following property values -->
   <Property name="ConnectionURL"></Property>
   <Property name="ConnectionName"></Property>
   <Property name="ConnectionPassword"></Property>
   <Property name="UserNameAttribute"></Property>
   <Property name="DomainName"></Property>

   <Property name="UserSearchBase">ou=system</Property>
   <Property name="UserNameSearchFilter">(&amp;(objectClass=person)(uid=?))</Property>
   <Property name="UserNameListFilter">(objectClass=person)</Property>
   <Property name="UserDNPattern"/>
   <Property name="DisplayNameAttribute"/>
   <Property name="Disabled">false</Property>
   <Property name="ReadGroups">true</Property>
   <Property name="GroupSearchBase">ou=Groups,dc=wso2,dc=org</Property>
   <Property name="GroupNameAttribute">cn</Property>
   <Property name="GroupNameSearchFilter">(&amp;(objectClass=groupOfNames)(cn=?))</Property>
   <Property name="GroupNameListFilter">(objectClass=groupOfNames)</Property>
   <Property name="RoleDNPattern"/>
   <Property name="MembershipAttribute">member</Property>
   <Property name="MemberOfAttribute"/>
   <Property name="BackLinksEnabled">false</Property>
   <Property name="Referral">follow</Property>
   <Property name="ReplaceEscapeCharactersAtUserLogin">true</Property>
   <Property name="LDAPInitialContextFactory">com.sun.jndi.ldap.LdapCtxFactory</Property>
   <Property name="SCIMEnabled">false</Property>
   <Property name="PasswordHashMethod">PLAIN_TEXT</Property>
   <Property name="MultiAttributeSeparator">,</Property>
   <Property name="MaxUserNameListLength">100</Property>
   <Property name="MaxRoleNameListLength">100</Property>
   <Property name="UserRolesCacheEnabled">true</Property>
   <Property name="ConnectionPoolingEnabled">false</Property>
   <Property name="LDAPConnectionTimeout">5000</Property>
   <Property name="ReadTimeout">5000</Property>
   <Property name="RetryAttempts">0</Property>
   <Property name="CountRetrieverClass"/>
   <Property name="java.naming.ldap.attributes.binary"> </Property>
   <Property name="ClaimOperationsSupported">false</Property>
   <Property name="MembershipAttributeRange">0</Property>
   <Property name="UserCacheExpiryMilliseconds"/>
   <Property name="UserDNCacheEnabled">true</Property>
   <Property name="StartTLSEnabled">false</Property>
   <Property name="ConnectionRetryDelay">120000</Property>
   <Property name="Description"/>
</UserStoreManager>
