<?xml version="1.0" encoding="UTF-8"?><artifacts>
    <artifact name="SpreadsheetAPI" groupId="com.example.SpreadsheetConnector.api" version="1.0.0" type="synapse/api" serverRole="EnterpriseServiceBus">
        <file>src/main/synapse-config/api/SpreadsheetAPI.xml</file>
    </artifact>
    <artifact name="createSpreadsheet" groupId="com.example.SpreadsheetConnector.sequence" version="1.0.0" type="synapse/sequence" serverRole="EnterpriseServiceBus">
        <file>src/main/synapse-config/sequences/createSpreadsheet.xml</file>
    </artifact>
    <artifact name="addData" groupId="com.example.SpreadsheetConnector.sequence" version="1.0.0" type="synapse/sequence" serverRole="EnterpriseServiceBus">
        <file>src/main/synapse-config/sequences/addData.xml</file>
    </artifact>
    <artifact name="readData" groupId="com.example.SpreadsheetConnector.sequence" version="1.0.0" type="synapse/sequence" serverRole="EnterpriseServiceBus">
        <file>src/main/synapse-config/sequences/readData.xml</file>
    </artifact>
    <artifact name="editSpreadsheet" groupId="com.example.SpreadsheetConnector.sequence" version="1.0.0" type="synapse/sequence" serverRole="EnterpriseServiceBus">
        <file>src/main/synapse-config/sequences/editSpreadsheet.xml</file>
    </artifact>
</artifacts>
