{
  "name": "APIM TOP API CREATORS",
  "id": "APIMTopApiCreators",
  "thumbnailURL": "",
  "configs": {
    "pubsub": {
      "types": ["subscriber"]
    },
    "providerConfig" : {
      "configs": {
        "type": "SiddhiStoreDataProvider",
        "config": {
          "siddhiApp": "@App:name('APIMTopApiCreatorsSiddhi') @primaryKey('API_ID') @store(type=\"rdbms\" , datasource=\"AM_DB\") define table AM_API(API_ID int,API_PROVIDER string,API_NAME string,API_VERSION string,CONTEXT string,CONTEXT_TEMPLATE string,API_TIER string,CREATED_BY string,CREATED_TIME string,UPDATED_BY string,UPDATED_TIME string);",
          "queryData": {
            "query": "from AM_API on {{contextContainsCondition}} select CREATED_BY,count(API_ID) AS count group by CREATED_BY order by count desc limit {{limit}};"
          },
          "publishingInterval": 60
        }
      }
    },
    "options": [
      {
        "id": "header",
        "title": "Header",
        "type": {
          "name": "BOOLEAN",
          "possibleValues": [
            true,
            false
          ]
        },
        "defaultValue": true
      },
      {
        "id": "headerTitle",
        "title": "Widget Title",
        "type": {
          "name": "TEXT"
        },
        "defaultValue": "Top API Creators"
      },
      {
        "id": "drillDown",
        "title": "API Statistics Page",
        "type": {
          "name": "TEXT"
        },
        "defaultValue": ""
      }
    ]
  }
}
