{
  "name": "API TRAFFIC SUMMARY",
  "id": "APITrafficSummary",
  "thumbnailURL": "",
  "configs": {
    "pubsub": {
      "types": ["subscriber", "publisher"],
      "publisherWidgetOutputs": ["api", "version", "resource"]
    },
    "providerConfig" : {
      "configs": {
        "type": "SiddhiStoreDataProvider",
        "config": {
          "siddhiApp": "@App:name('APIM_ERROR_SUMMARY')\ndefine stream ErrorSummaryStream (apiName string, apiVersion string, apiResourceTemplate string, apiMethod string, apiCreator string,\napiCreatorTenantDomain string, applicationId string, applicationName string, applicationOwner string, responseCode int,\n_2xx int, _4xx int, _5xx int, responseCount int, faultCount int, throttledCount int, timestamp long);  @primaryKey('API_ID')  @store(type=\"rdbms\" , datasource= \"AM_DB\")  define table AM_API(API_ID int,API_PROVIDER string,API_NAME string,API_VERSION string,CONTEXT string,CONTEXT_TEMPLATE string,API_TIER string,API_TYPE string, CREATED_BY string,CREATED_TIME string,UPDATED_BY string,UPDATED_TIME string);   @primaryKey('URL_MAPPING_ID') @store(type= \"rdbms\" , datasource= \"AM_DB\")  define table AM_API_URL_MAPPING(URL_MAPPING_ID int,API_ID int,HTTP_METHOD string,AUTH_SCHEME string,URL_PATTERN string,THROTTLING_TIER string,MEDIATION_SCRIPT string); @primaryKey('APPLICATION_ID') @store(type= \"rdbms\" , datasource= \"AM_DB\")  define table AM_APPLICATION(APPLICATION_ID int, NAME string, SUBSCRIBER_ID int, APPLICATION_TIER string, CALLBACK_URL string, DESCRIPTION string, APPLICATION_STATUS  string, GROUP_ID string, CREATED_BY string, CREATED_TIME string, UPDATED_BY string, UPDATED_TIME string, UUID string, TOKEN_TYPE string); @store(type = 'rdbms', datasource = 'APIM_ANALYTICS_DB',field.length =  \"apiMethod:40 \") @persistedAggregation(enable='true', is.read.only='true') define aggregation ApiErrorAnalysisAgg\nfrom ErrorSummaryStream\nselect apiName, apiVersion, apiMethod, apiResourceTemplate, applicationName, applicationOwner, responseCode, sum(_2xx) as _2xx, sum(_4xx) as _4xx,\nsum(_5xx) as _5xx, sum(responseCount) as responseCount, sum(faultCount) as faultCount, sum(throttledCount) as throttledCount,\napiCreator, apiCreatorTenantDomain\ngroup by apiName, apiVersion, responseCode, apiResourceTemplate, applicationId\naggregate by timestamp every seconds...years;",
          "queryData": {
            "drillDownQuery": "from ApiErrorAnalysisAgg on apiCreatorTenantDomain=='{{tenantDomain}}' {{querystring}} within {{from}}L, {{to}}L per \"{{per}}s\" select {{selectPhase}} {{groupByPhase}} {{orderBy}} limit {{limit}};",
            "listApisQuery": "from AM_API on {{contextContainsCondition}} select API_NAME,API_TYPE group by API_NAME,API_TYPE",
            "listVersionsQuery": "from AM_API on ({{contextContainsCondition}} AND API_NAME == '{{selectedAPI}}' ) select API_ID, API_VERSION, API_TYPE group by API_ID, API_VERSION, API_TYPE",
            "listOperationsQuery": "from AM_API_URL_MAPPING on (API_ID == {{selectedVersion}} ) select URL_MAPPING_ID,URL_PATTERN,HTTP_METHOD group by URL_MAPPING_ID,URL_PATTERN,HTTP_METHOD",
            "productOperationsQuery": "SELECT AM_API_PRODUCT_MAPPING.API_ID as API_ID, AM_API_URL_MAPPING.URL_MAPPING_ID as URL_MAPPING_ID, URL_PATTERN, HTTP_METHOD FROM AM_API_URL_MAPPING INNER JOIN AM_API_PRODUCT_MAPPING ON AM_API_URL_MAPPING.URL_MAPPING_ID=AM_API_PRODUCT_MAPPING.URL_MAPPING_ID where AM_API_PRODUCT_MAPPING.API_ID = {{selectedVersion}}"
          },
          "publishingInterval": 360000
        }
      },
      "listProductQueryConfigs" : {
        "type" : "RDBMSStreamingDataProvider",
        "config" : {
          "datasourceName": "AM_DB",
          "queryData" : {
            "queryName": "productOperationsQuery"
          },
          "tableName": "AM_API_URL_MAPPING",
          "incrementalColumn": "URL_MAPPING_ID",
          "publishingLimit": 2147483647,
          "purgingInterval": 6,
          "purgingLimit": 6,
          "isPurgingEnable": false
        }
      }
    },
    "options": [
      {
        "id": "header",
        "title": "Header",
        "type": {
          "name": "BOOLEAN",
          "possibleValues": [
            true,
            false
          ]
        },
        "defaultValue": true
      },
      {
        "id": "headerTitle",
        "title": "Widget Title",
        "type": {
          "name": "TEXT"
        },
        "defaultValue": "API USAGE SUMMARY"
      },
      {
        "id": "drillDown",
        "title": "Drill Down to API USAGE OVER TIME",
        "type": {
          "name": "BOOLEAN",
          "possibleValues": [
            true,
            false
          ]
        },
        "defaultValue": true
      }
    ]
  }
}
