<?xml version="1.0" encoding="UTF-8"?>
<inboundEndpoint class="org.wso2.carbon.inbound.smpp.SMPPListeningConsumer" name="SMPP" onError="fault" sequence="request" suspend="false" xmlns="http://ws.apache.org/ns/synapse">
    <parameters>
        <parameter name="inbound.behavior">eventBased</parameter>
        <parameter name="sequential">true</parameter>
        <parameter name="coordination">true</parameter>
        <parameter name="port">2775</parameter>
        <parameter name="addressNpi">UNKNOWN</parameter>
        <parameter name="host">localhost</parameter>
        <parameter name="reconnectInterval">3000</parameter>
        <parameter name="addressTon">UNKNOWN</parameter>
        <parameter name="systemType">CPT</parameter>
        <parameter name="retryCount">-1</parameter>
        <parameter name="bindType">BIND_RX</parameter>
        <parameter name="addressRange">null</parameter>
        <parameter name="systemId">kasun</parameter>
        <parameter name="password">kasun</parameter>
        <parameter name="exponentialFactor">5</parameter>
        <parameter name="maximumBackoffTime">10000</parameter>
        <parameter name="interval">1000</parameter>
        <parameter name="class">org.wso2.carbon.inbound.smpp.SMPPListeningConsumer</parameter>
    </parameters>
</inboundEndpoint>
