<?xml version="1.0" encoding="UTF-8"?>
<api context="/salesforcerest" name="salesforcerest" xmlns="http://ws.apache.org/ns/synapse">
    <resource methods="POST">
        <inSequence>
            <salesforcerest.create configKey="SALESFORCEREST_CONNECTION_1">
                <sObjectName>{json-eval($.sObjectName)}</sObjectName>
                <fieldAndValue>{json-eval($.fieldAndValue)}</fieldAndValue>
            </salesforcerest.create>
            <salesforcerest.query configKey="SALESFORCEREST_CONNECTION_1">
                <queryString>id, name from Account</queryString>
            </salesforcerest.query>
            <respond/>
        </inSequence>
        <outSequence/>
        <faultSequence/>
    </resource>
</api>
