<?xml version="1.0" encoding="UTF-8"?>
<api context="/send" name="SmppTestApi" xmlns="http://ws.apache.org/ns/synapse">
    <resource methods="POST">
        <inSequence>
            <property expression="json-eval($.distinationAddress)" name="distinationAddress" scope="default" type="STRING"/>
            <property expression="json-eval($.message)" name="message" scope="default" type="STRING"/>
            <property expression="json-eval($.sourceAddress)" name="sourceAddress" scope="default" type="STRING"/>
            <SMPP.init>
                <host>localhost</host>
                <port>10003</port>
                <systemId>kasun</systemId>
                <password>kasun</password>
                <systemType>SMS1009</systemType>
                <addressTon>INTERNATIONAL</addressTon>
                <addressNpi>ISDN</addressNpi>
            </SMPP.init>
            <SMPP.sendSMS>
                <sourceAddress>{$ctx:sourceAddress}</sourceAddress>
                <distinationAddress>{$ctx:distinationAddress}</distinationAddress>
                <message>{$ctx:message}</message>
            </SMPP.sendSMS>
            <log level="full">
                <property name="Message delivered sucessfully" value="Message delivered sucessfully"/>
            </log>
            <respond/>
        </inSequence>
        <outSequence/>
        <faultSequence/>
    </resource>
</api>
