{
  "name": "APIM API LATENCY TIME",
  "id": "APIMApiLatencyTime",
  "thumbnailURL": "",
  "configs": {
    "pubsub": {
      "types": ["subscriber"]
    },
    "providerConfig" : {
      "configs": {
        "type": "SiddhiStoreDataProvider",
        "config": {
          "siddhiApp": "@App:name('APIMApiLatencyTimeSiddhi') @primaryKey('API_ID') @store(type=\"rdbms\" , datasource=\"AM_DB\") define table AM_API(API_ID int,API_PROVIDER string,API_NAME string,API_VERSION string,CONTEXT string,CONTEXT_TEMPLATE string,API_TIER string,API_TYPE string,CREATED_BY string,CREATED_TIME string,UPDATED_BY string,UPDATED_TIME string);  @primaryKey('URL_MAPPING_ID') @store(type=\"rdbms\" , datasource=\"AM_DB\") define table AM_API_URL_MAPPING(URL_MAPPING_ID int,API_ID int,HTTP_METHOD string,AUTH_SCHEME string,URL_PATTERN string,THROTTLING_TIER string,MEDIATION_SCRIPT string); define stream MergedStream (apiName string, apiVersion string, apiContext string, apiCreator string, apiCreatorTenantDomain string, apiHostname string, applicationId string, applicationName string, quotaExceededValue int, requestTimestamp long, gatewayType string, label string, operatingSystem string, browser string, apiResourceTemplate string, apiMethod string, destination string, applicationOwner string, username string, userTenantDomain string, responseTime long, serviceTime long, backendTime long, securityLatency long, throttlingLatency long, requestMedLat long, responseMedLat long, backendLatency long, otherLatency long); @store(type = 'rdbms', datasource = 'APIM_ANALYTICS_DB',field.length = 'applicationId:40, apiHostname:200, apiMethod:20, regionalID:20, SHARD_ID:20, username:150, userTenantDomain:150, apiCreator:150, apiCreatorTenantDomain:150, operatingSystem:100, browser:100') @purge(enable='false', interval='60 min', @retentionPeriod(sec='1 hour', min='3 days', hours='90 days', days='1 year', months='10 years')) @persistedAggregation(enable='true', is.read.only='true') define aggregation MergedAggregation from MergedStream select apiName, apiVersion, apiContext, apiCreator, apiCreatorTenantDomain, apiHostname, applicationName, count() as totalRequestCount, sum(quotaExceededValue) as aboveQuotaCount, gatewayType, label, 'default' as regionalID, applicationId, apiResourceTemplate, apiMethod, destination, applicationOwner, username, userTenantDomain, operatingSystem, browser, sum(responseTime) as responseTime, sum(serviceTime) as serviceTime, sum(backendTime) as backendTime, sum(securityLatency) as securityLatency, sum(throttlingLatency) as throttlingLatency, sum(requestMedLat) as requestMedLat, sum(responseMedLat) as responseMedLat, sum(backendLatency) as backendLatency, sum(otherLatency) as otherLatency group by apiContext, apiHostname, applicationId, apiResourceTemplate, apiMethod, destination, username, userTenantDomain, apiCreator, apiCreatorTenantDomain, operatingSystem, browser aggregate by requestTimestamp every seconds...years;",
          "queryData": {
            "apiidquery": "from AM_API {{apiCondition}} select API_ID,API_NAME,API_VERSION,API_PROVIDER,API_TYPE;",
            "resourcequery": "from AM_API_URL_MAPPING on API_ID=={{apiID}} select URL_PATTERN,HTTP_METHOD;",
            "productResourceQuery": "SELECT AM_API_PRODUCT_MAPPING.API_ID as API_ID, AM_API_URL_MAPPING.URL_MAPPING_ID as URL_MAPPING_ID, URL_PATTERN, HTTP_METHOD FROM AM_API_URL_MAPPING INNER JOIN AM_API_PRODUCT_MAPPING ON AM_API_URL_MAPPING.URL_MAPPING_ID=AM_API_PRODUCT_MAPPING.URL_MAPPING_ID where AM_API_PRODUCT_MAPPING.API_ID = {{apiID}}",
            "mainquery": "from MergedAggregation on apiCreatorTenantDomain=='{{tenantDomain}}' AND {{filterCondition}} within {{timeFrom}}L, {{timeTo}}L per \"{{per}}s\" select responseTime,securityLatency,throttlingLatency,requestMedLat,responseMedLat,backendLatency,otherLatency,AGG_TIMESTAMP order by AGG_TIMESTAMP asc limit {{limit}}",
            "mainquery1": "from MergedAggregation on apiCreatorTenantDomain=='{{tenantDomain}}' AND {{filterCondition}} within {{timeFrom}}L, {{timeTo}}L per \"{{per}}s\" select responseTime,securityLatency,throttlingLatency,requestMedLat,responseMedLat,backendLatency,otherLatency,AGG_TIMESTAMP,apiResourceTemplate order by AGG_TIMESTAMP asc limit {{limit}}"
          },
          "publishingInterval": 360000
        }
      },
      "listProductQueryConfigs" : {
        "type" : "RDBMSStreamingDataProvider",
        "config" : {
          "datasourceName": "AM_DB",
          "queryData" : {
            "queryName": "listApisQuery"
          },
          "tableName": "AM_API_URL_MAPPING",
          "incrementalColumn": "URL_MAPPING_ID",
          "publishingLimit": 2147483647,
          "purgingInterval": 6,
          "purgingLimit": 6,
          "isPurgingEnable": false
        }
      }
    },
    "options": [
      {
        "id": "header",
        "title": "Header",
        "type": {
          "name": "BOOLEAN",
          "possibleValues": [
            true,
            false
          ]
        },
        "defaultValue": true
      },
      {
        "id": "headerTitle",
        "title": "Widget Title",
        "type": {
          "name": "TEXT"
        },
        "defaultValue": "API Latency Over Time"
      }
    ]
  }
}
