{
  "id": "http:\/\/wso2jsonschema.org",
  "title": "GetQueueAttributesResponse",
  "$schema": "http:\/\/wso2.org\/json-schema\/wso2-data-mapper-v5.0.0\/schema#",
  "properties": {
    "GetQueueAttributesResult": {
      "id": "http:\/\/wso2jsonschema.org\/GetQueueAttributesResult",
      "type": "object",
      "properties": {
        "Attribute": {
          "id": "http:\/\/wso2jsonschema.org\/GetQueueAttributesResult\/Attribute",
          "type": "object",
          "properties": {
            "Name": {
              "id": "http:\/\/wso2jsonschema.org\/GetQueueAttributesResult\/Attribute\/Name",
              "type": "string"
            },
            "Value": {
              "id": "http:\/\/wso2jsonschema.org\/GetQueueAttributesResult\/Attribute\/Value",
              "type": "number"
            }
          }
        }
      }
    },
    "ResponseMetadata": {
      "id": "http:\/\/wso2jsonschema.org\/ResponseMetadata",
      "type": "object",
      "properties": {
        "RequestId": {
          "id": "http:\/\/wso2jsonschema.org\/ResponseMetadata\/RequestId",
          "type": "string"
        }
      }
    }
  },
  "type": "object",
  "namespaces": [
    {
      "prefix": "axis2ns9",
      "url": "http:\/\/queue.amazonaws.com\/doc\/2012-11-05\/"
    }
  ]
}