<?xml version="1.0" encoding="UTF-8"?>
<api context="/resources" name="bigquery-testAPI" xmlns="http://ws.apache.org/ns/synapse">
    <resource methods="POST" url-mapping="/gettabledetails">
        <inSequence>
            <property expression="json-eval($.tableId)" name="tableId" scope="default" type="STRING"/>
            <property expression="json-eval($.datasetId)" name="datasetId" scope="default" type="STRING"/>
            <property expression="json-eval($.projectId)" name="projectId" scope="default" type="STRING"/>
            <bigquery.init>
                <apiUrl>https://www.googleapis.com</apiUrl>
                <accessToken>ya29.a0AfH6SMA6ardUlIpEwEm4DkhiQuScElSDQPbPsjpzU9Qfe_dIuF5MhYCfomfVzftli7oA2tJTJ4W1GEwvOPyxKUJ1ehlwj5ZY6JJnJSKRBbXL-WroVSEXDciBDWFymbxbQ3zr_ZUvwCHEfO3bh9xC2BO_-VV-Yci_dRM</accessToken>
                <clientId>392276369305-pgpj5mbm7pud2te4djnnildbdvvsqt8n.apps.googleusercontent.com</clientId>
                <clientSecret>wiSt3nOIaVLSFUYZF_YNHCtw</clientSecret>
                <refreshToken>1//0gBtGF0_vir-TCgYIARAAGBASNwF-L9IrQeAoBiSaLBGMidwZXv9S3YddKe_zoZyU1wX7nLrwDpTZrCRkRpjCT5lDH9AZ9ZK6YFo</refreshToken>
                <registryPath>{$ctx:registryPath}</registryPath>
                <apiKey>AIzaSyDFwqhjAYxvfbTwyCImVnvBTUZa-EHfKyc</apiKey>
                <callback>callBackFunction</callback>
                <prettyPrint>true</prettyPrint>
                <quotaUser>{$ctx:quotaUser}</quotaUser>
                <userIp>{$ctx:userIp}</userIp>
                <fields>{$ctx:fields}</fields>
                <ifNoneMatch>{$ctx:ifNoneMatch}</ifNoneMatch>
                <ifMatch>{$ctx:ifMatch}</ifMatch>
            </bigquery.init>
            <bigquery.getTable>
                <datasetId>{$ctx:datasetId}</datasetId>
                <projectId>{$ctx:projectId}</projectId>
                <tableId>{$ctx:tableId}</tableId>
            </bigquery.getTable>
            <respond/>
        </inSequence>
        <outSequence/>
        <faultSequence/>
    </resource>
    <resource methods="POST" url-mapping="/insertdetails">
        <inSequence>
            <property expression="json-eval($.tableId)" name="tableId" scope="default" type="STRING"/>
            <property expression="json-eval($.datasetId)" name="datasetId" scope="default" type="STRING"/>
            <property expression="json-eval($.projectId)" name="projectId" scope="default" type="STRING"/>
            <property expression="json-eval($.jsonPay)" name="jsonPay" scope="default" type="STRING"/>
            <bigquery.init>
                <apiUrl>https://www.googleapis.com</apiUrl>
                <accessToken>ya29.a0AfH6SMA6j0L_cGNi0BpxXLGaYlUQUbkHpGY31iFpjz4VOlbx3PlP5XBWW9E5bvdqW7cu8kjxMqJ7WShYGxOooXNc20cnNkHOkfesaun6NnhA3omK8ERWKSfICJGucG1tp3P0mVWNtQ6M2ZdDgigQ-3gmB0Xtphj3Ovw</accessToken>
                <clientId>392276369305-pg6a4bq41r79gsv3mdmd8vesscf477sf.apps.googleusercontent.com</clientId>
                <clientSecret>UgtzggStea3Xfd9q7TUMeyNo</clientSecret>
                <refreshToken>1//0gCwbRibyQinFCgYIARAAGBASNwF-L9IrO9590FKKiOro0UUEZEHD4DiG9or41nbIEmWOzsaM22btR4QLKXHfGMDDUWK2hrp5EBo</refreshToken>
                <registryPath>{$ctx:registryPath}</registryPath>
                <apiKey>AIzaSyDFwqhjAYxvfbTwyCImVnvBTUZa-EHfKyc</apiKey>
                <callback>callBackFunction</callback>
                <prettyPrint>true</prettyPrint>
                <quotaUser>{$ctx:quotaUser}</quotaUser>
                <userIp>{$ctx:userIp}</userIp>
                <fields>{$ctx:fields}</fields>
                <ifNoneMatch>{$ctx:ifNoneMatch}</ifNoneMatch>
                <ifMatch>{$ctx:ifMatch}</ifMatch>
            </bigquery.init>
            <bigquery.insertAllTableData>
                <datasetId>{$ctx:datasetId}</datasetId>
                <projectId>{$ctx:projectId}</projectId>
                <tableId>{$ctx:tableId}</tableId>
                <skipInvalidRows>true</skipInvalidRows>
                <ignoreUnknownValues>true</ignoreUnknownValues>
                <templateSuffix>{$ctx:templateSuffix}</templateSuffix>
                <jsonPay>{$ctx:jsonPay}</jsonPay>
            </bigquery.insertAllTableData>
            <respond/>
        </inSequence>
        <outSequence/>
        <faultSequence/>
    </resource>
    <resource methods="POST" url-mapping="/getdetails">
        <inSequence>
            <property expression="json-eval($.tableId)" name="tableId" scope="default" type="STRING"/>
            <property expression="json-eval($.datasetId)" name="datasetId" scope="default" type="STRING"/>
            <property expression="json-eval($.projectId)" name="projectId" scope="default" type="STRING"/>
            <bigquery.init>
                <apiUrl>https://www.googleapis.com</apiUrl>
                <accessToken>ya29.a0AfH6SMA6j0L_cGNi0BpxXLGaYlUQUbkHpGY31iFpjz4VOlbx3PlP5XBWW9E5bvdqW7cu8kjxMqJ7WShYGxOooXNc20cnNkHOkfesaun6NnhA3omK8ERWKSfICJGucG1tp3P0mVWNtQ6M2ZdDgigQ-3gmB0Xtphj3Ovw</accessToken>
                <clientId>392276369305-pg6a4bq41r79gsv3mdmd8vesscf477sf.apps.googleusercontent.com</clientId>
                <clientSecret>UgtzggStea3Xfd9q7TUMeyNo</clientSecret>
                <refreshToken>1//0gCwbRibyQinFCgYIARAAGBASNwF-L9IrO9590FKKiOro0UUEZEHD4DiG9or41nbIEmWOzsaM22btR4QLKXHfGMDDUWK2hrp5EBo</refreshToken>
                <registryPath>{$ctx:registryPath}</registryPath>
                <apiKey>AIzaSyDFwqhjAYxvfbTwyCImVnvBTUZa-EHfKyc</apiKey>
                <callback>callBackFunction</callback>
                <prettyPrint>true</prettyPrint>
                <quotaUser>{$ctx:quotaUser}</quotaUser>
                <userIp>{$ctx:userIp}</userIp>
                <fields>{$ctx:fields}</fields>
                <ifNoneMatch>{$ctx:ifNoneMatch}</ifNoneMatch>
                <ifMatch>{$ctx:ifMatch}</ifMatch>
            </bigquery.init>
            <bigquery.listTabledata>
                <datasetId>{$ctx:datasetId}</datasetId>
                <projectId>{$ctx:projectId}</projectId>
                <tableId>{$ctx:tableId}</tableId>
                <maxResults>{$ctx:maxResults}</maxResults>
                <pageToken>{$ctx:pageToken}</pageToken>
                <startIndex>{$ctx:startIndex}</startIndex>
            </bigquery.listTabledata>
            <respond/>
        </inSequence>
        <outSequence/>
        <faultSequence/>
    </resource>
    <resource methods="POST" url-mapping="/runQuery">
        <inSequence>
            <property expression="json-eval($.tableId)" name="tableId" scope="default" type="STRING"/>
            <property expression="json-eval($.defaultDatasetId)" name="defaultDatasetId" scope="default" type="STRING"/>
            <property expression="json-eval($.projectId)" name="projectId" scope="default" type="STRING"/>
            <bigquery.init>
                <apiUrl>https://www.googleapis.com</apiUrl>
                <accessToken>ya29.a0AfH6SMA6j0L_cGNi0BpxXLGaYlUQUbkHpGY31iFpjz4VOlbx3PlP5XBWW9E5bvdqW7cu8kjxMqJ7WShYGxOooXNc20cnNkHOkfesaun6NnhA3omK8ERWKSfICJGucG1tp3P0mVWNtQ6M2ZdDgigQ-3gmB0Xtphj3Ovw</accessToken>
                <clientId>392276369305-pg6a4bq41r79gsv3mdmd8vesscf477sf.apps.googleusercontent.com</clientId>
                <clientSecret>UgtzggStea3Xfd9q7TUMeyNo</clientSecret>
                <refreshToken>1//0gCwbRibyQinFCgYIARAAGBASNwF-L9IrO9590FKKiOro0UUEZEHD4DiG9or41nbIEmWOzsaM22btR4QLKXHfGMDDUWK2hrp5EBo</refreshToken>
                <registryPath>{$ctx:registryPath}</registryPath>
                <apiKey>AIzaSyDFwqhjAYxvfbTwyCImVnvBTUZa-EHfKyc</apiKey>
                <callback>callBackFunction</callback>
                <prettyPrint>true</prettyPrint>
                <quotaUser>{$ctx:quotaUser}</quotaUser>
                <userIp>{$ctx:userIp}</userIp>
                <fields>{$ctx:fields}</fields>
                <ifNoneMatch>{$ctx:ifNoneMatch}</ifNoneMatch>
                <ifMatch>{$ctx:ifMatch}</ifMatch>
            </bigquery.init>
            <bigquery.runQuery>
                <projectId>{$ctx:projectId}</projectId>
                <kind>bigquery#tableDataInsertAllResponse</kind>
                <query>SELECT * FROM students</query>
                <maxResults>10000</maxResults>
                <defaultDatasetId>{$ctx:defaultDatasetId}</defaultDatasetId>
                <defaultProjectId>{$ctx:defaultProjectId}</defaultProjectId>
                <timeoutMs>10000</timeoutMs>
                <dryRun>false</dryRun>
                <useQueryCache>true</useQueryCache>
                <useLegacySql>{$ctx:useLegacySql}</useLegacySql>
            </bigquery.runQuery>
            <respond/>
        </inSequence>
        <outSequence/>
        <faultSequence/>
    </resource>
</api>
