{
  "id": "http:\/\/wso2jsonschema.org",
  "title": "ListQueuesResponse",
  "$schema": "http:\/\/wso2.org\/json-schema\/wso2-data-mapper-v5.0.0\/schema#",
  "properties": {
    "ListQueuesResult": {
      "id": "http:\/\/wso2jsonschema.org\/ListQueuesResult",
      "type": "object",
      "properties": {
        "QueueUrl": {
          "id": "http:\/\/wso2jsonschema.org\/ListQueuesResult\/QueueUrl",
          "type": "array",
          "items": [
            {
              "id": "http:\/\/wso2jsonschema.org\/ListQueuesResult\/QueueUrl\/0",
              "type": "string"
            }
          ]
        }
      }
    },
    "ResponseMetadata": {
      "id": "http:\/\/wso2jsonschema.org\/ResponseMetadata",
      "type": "object",
      "properties": {
        "RequestId": {
          "id": "http:\/\/wso2jsonschema.org\/ResponseMetadata\/RequestId",
          "type": "string"
        }
      }
    }
  },
  "type": "object",
  "namespaces": [
    {
      "prefix": "axis2ns8",
      "url": "http:\/\/queue.amazonaws.com\/doc\/2012-11-05\/"
    }
  ]
}