<?xml version="1.0" encoding="UTF-8"?>
<localEntry key="AZURE_CONNECTION" xmlns="http://ws.apache.org/ns/synapse">
    <msazurestorage.init>
        <clientId>replace_with_client_id</clientId>
        <accountName>replace_with_storage_account_name</accountName>
        <connectionType>msazurestorage</connectionType>
        <tenantId>replace_with_tenant_id</tenantId>
        <clientSecret>replace_with_client_secret</clientSecret>
        <name>AZURE_CONNECTION</name>
    </msazurestorage.init>
</localEntry>
