{
  "$schema":"http:\/\/wso2.org\/json-schema\/wso2-data-mapper-v5.0.0\/schema#",
  "id":"http:\/\/wso2jsonschema.org",
  "title":"root",
  "type":"object",
  "properties":{
    "companyName":{
      "id":"http:\/\/wso2jsonschema.org\/companyName",
      "type":"string",
      "nullable":"true"
    },
    "parentCompanyName":{
      "id":"http:\/\/wso2jsonschema.org\/parentCompanyName",
      "type":"string",
      "nullable":"true"
    },
    "internalJobBoardCode":{
      "id":"http:\/\/wso2jsonschema.org\/internalJobBoardCode",
      "type":"string",
      "nullable":"true"
    },
    "includeActivePostingOnly":{
      "id":"http:\/\/wso2jsonschema.org\/includeActivePostingOnly",
      "type":"boolean",
      "nullable":"true"
    },
    "lastUpdateTimeFrom":{
      "id":"http:\/\/wso2jsonschema.org\/lastUpdateTimeFrom",
      "type":"string",
      "nullable":"true"
    },
    "lastUpdateTimeTo":{
      "id":"http:\/\/wso2jsonschema.org\/lastUpdateTimeTo",
      "type":"string",
      "nullable":"true"
    },
    "datePostedFrom":{
      "id":"http:\/\/wso2jsonschema.org\/datePostedFrom",
      "type":"string",
      "nullable":"true"
    },
    "datePostedTo":{
      "id":"http:\/\/wso2jsonschema.org\/datePostedTo",
      "type":"string",
      "nullable":"true"
    },
    "htmlDescription":{
      "id":"http:\/\/wso2jsonschema.org\/htmlDescription",
      "type":"boolean",
      "nullable":"true"
    }
  }
}
