{
  "$schema":"http:\/\/wso2.org\/json-schema\/wso2-data-mapper-v5.0.0\/schema#",
  "id":"http:\/\/wso2jsonschema.org",
  "title":"root",
  "type":"object",
  "properties":{
    "filterTransactionStartTimeUTC":{
      "id":"http:\/\/wso2jsonschema.org\/filterTransactionStartTimeUTC",
      "type":"string"
    },
    "filterTransactionEndTimeUTC":{
      "id":"http:\/\/wso2jsonschema.org\/filterTransactionEndTimeUTC",
      "type":"string"
    },
    "employeeXRefCode":{
      "id":"http:\/\/wso2jsonschema.org\/employeeXRefCode",
      "type":"string",
      "nullable":"true"
    },
    "employeeBadge":{
      "id":"http:\/\/wso2jsonschema.org\/employeeBadge",
      "type":"string",
      "nullable":"true"
    },
    "punchState":{
      "id":"http:\/\/wso2jsonschema.org\/punchState",
      "type":"string",
      "nullable":"true"
    },
    "punchTypes":{
      "id":"http:\/\/wso2jsonschema.org\/punchTypes",
      "type":"string",
      "nullable":"true"
    },
    "pageSize":{
      "id":"http:\/\/wso2jsonschema.org\/pageSize",
      "type":"integer",
      "nullable":"true"
    }
  }
}
