{
  "$schema":"http:\/\/wso2.org\/json-schema\/wso2-data-mapper-v5.0.0\/schema#",
  "id":"http:\/\/wso2jsonschema.org",
  "title":"root",
  "type":"object",
  "properties":{
    "filterTransactionStartTimeUTC":{
      "id":"http:\/\/wso2jsonschema.org\/filterTransactionStartTimeUTC",
      "type":"string"
    },
    "filterTransactionEndTimeUTC":{
      "id":"http:\/\/wso2jsonschema.org\/filterTransactionEndTimeUTC",
      "type":"string"
    },
    "employeeXRefCode":{
      "id":"http:\/\/wso2jsonschema.org\/employeeXRefCode",
      "type":"string",
      "nullable":"true"
    },
    "locationXRefCode":{
      "id":"http:\/\/wso2jsonschema.org\/locationXRefCode",
      "type":"string",
      "nullable":"true"
    },
    "positionXRefCode":{
      "id":"http:\/\/wso2jsonschema.org\/positionXRefCode",
      "type":"string",
      "nullable":"true"
    },
    "departmentXRefCode":{
      "id":"http:\/\/wso2jsonschema.org\/departmentXRefCode",
      "type":"string",
      "nullable":"true"
    },
    "jobXRefCode":{
      "id":"http:\/\/wso2jsonschema.org\/jobXRefCode",
      "type":"string",
      "nullable":"true"
    },
    "docketXRefCode":{
      "id":"http:\/\/wso2jsonschema.org\/docketXRefCode",
      "type":"string",
      "nullable":"true"
    },
    "projectXRefCode":{
      "id":"http:\/\/wso2jsonschema.org\/projectXRefCode",
      "type":"string",
      "nullable":"true"
    },
    "payAdjustmentXRefCode":{
      "id":"http:\/\/wso2jsonschema.org\/payAdjustmentXRefCode",
      "type":"string",
      "nullable":"true"
    },
    "shiftStatus":{
      "id":"http:\/\/wso2jsonschema.org\/shiftStatus",
      "type":"string",
      "nullable":"true"
    },
    "filterShiftTimeStart":{
      "id":"http:\/\/wso2jsonschema.org\/filterShiftTimeStart",
      "type":"string",
      "nullable":"true"
    },
    "filterShiftTimeEnd":{
      "id":"http:\/\/wso2jsonschema.org\/filterShiftTimeEnd",
      "type":"string",
      "nullable":"true"
    },
    "businessDate":{
      "id":"http:\/\/wso2jsonschema.org\/businessDate",
      "type":"string",
      "nullable":"true"
    },
    "pageSize":{
      "id":"http:\/\/wso2jsonschema.org\/pageSize",
      "type":"integer",
      "nullable":"true"
    }
  }
}
