<?xml version="1.0" encoding="UTF-8"?>
<api context="/azure" name="MSAzureStorageTestAPI" xmlns="http://ws.apache.org/ns/synapse">
    <resource methods="POST" uri-template="/createcontainer">
        <inSequence>
            <msazurestorage.createContainer configKey="AZURE_CONNECTION">
                <containerName>{json-eval($.containerName)}</containerName>
            </msazurestorage.createContainer>
            <respond/>
        </inSequence>
        <outSequence/>
        <faultSequence/>
    </resource>
    <resource methods="POST" uri-template="/addblob">
        <inSequence>
            <msazurestorage.uploadBlob configKey="AZURE_CONNECTION">
                <containerName>{json-eval($.containerName)}</containerName>
                <textContent>{json-eval($.textContent)}</textContent>
                <fileName>{json-eval($.fileName)}</fileName>
                <blobContentType>{json-eval($.contentType)}</blobContentType>
                <metadata>{json-eval($.metadata)}</metadata>
            </msazurestorage.uploadBlob>
            <respond/>
        </inSequence>
        <outSequence/>
        <faultSequence/>
    </resource>
    <resource methods="POST" uri-template="/downloadblob">
        <inSequence>
            <msazurestorage.downloadBlob configKey="AZURE_CONNECTION">
                <containerName>{json-eval($.containerName)}</containerName>
                <fileName>{json-eval($.fileName)}</fileName>
            </msazurestorage.downloadBlob>
            <respond/>
        </inSequence>
        <outSequence/>
        <faultSequence/>
    </resource>
    <resource methods="POST" uri-template="/deleteblob">
        <inSequence>
            <msazurestorage.deleteBlob configKey="AZURE_CONNECTION">
                <containerName>{json-eval($.containerName)}</containerName>
                <fileName>{json-eval($.fileName)}</fileName>
            </msazurestorage.deleteBlob>
            <respond/>
        </inSequence>
        <outSequence/>
        <faultSequence/>
    </resource>
    <resource methods="POST" uri-template="/listmetadata">
        <inSequence>
            <msazurestorage.listMetadata configKey="AZURE_CONNECTION">
                <containerName>{json-eval($.containerName)}</containerName>
                <fileName>{json-eval($.fileName)}</fileName>
            </msazurestorage.listMetadata>
            <respond/>
        </inSequence>
        <outSequence/>
        <faultSequence/>
    </resource>
    <resource methods="POST" uri-template="/deletecontainer">
        <inSequence>
            <msazurestorage.deleteContainer configKey="AZURE_CONNECTION">
                <containerName>{json-eval($.containerName)}</containerName>
            </msazurestorage.deleteContainer>
            <respond/>
        </inSequence>
        <outSequence/>
        <faultSequence/>
    </resource>
</api>
