{
  "dashboard": {
    "url": "application",
    "owner": "admin",
    "name": "Application Analytics",
    "description": "Dashboard for application related analytics",
    "landingPage": "analytics",
    "parentId": "0",
    "content": {
      "readOnly": true,
      "properties": {},
      "pages": [
        {
          "id": "analytics",
          "name": "Analytics",
          "content": [
            {
              "type": "row",
              "isClosable": true,
              "title": "",
              "content": [
                {
                  "type": "column",
                  "isClosable": true,
                  "title": "",
                  "width": 69.44983818770226,
                  "content": [
                    {
                      "type": "row",
                      "isClosable": true,
                      "title": "",
                      "height": 45.519947678221065,
                      "content": [
                        {
                          "type": "stack",
                          "isClosable": true,
                          "title": "",
                          "width": 51.35608048993876,
                          "height": 47.092894624875896,
                          "content": [
                            {
                              "title": "[APIM Faulty Per App]",
                              "type": "component",
                              "component": "APIMFaultyPerApp",
                              "props": {
                                "id": "6e24c4c8-840b-49ea-989f-66a78e5c836b",
                                "configs": {
                                  "pubsub": {
                                    "types": [
                                      "subscriber"
                                    ],
                                    "publishers": [
                                      "80cd04bd-accb-49fb-b199-cfeef69b79dd"
                                    ]
                                  },
                                  "isGenerated": false,
                                  "options": {
                                    "header": true,
                                    "headerTitle": " "
                                  }
                                },
                                "widgetID": "APIMFaultyPerApp"
                              },
                              "isClosable": false,
                              "header": {
                                "show": true
                              },
                              "componentName": "lm-react-component"
                            }
                          ]
                        },
                        {
                          "type": "stack",
                          "isClosable": true,
                          "title": "",
                          "width": 48.64391951006124,
                          "content": [
                            {
                              "title": "[APIM Top App Users]",
                              "type": "component",
                              "component": "APIMTopAppUsers",
                              "props": {
                                "id": "c857adaa-cf47-4a77-9d65-d68791d80330",
                                "configs": {
                                  "pubsub": {
                                    "types": [
                                      "subscriber"
                                    ],
                                    "publishers": [
                                      "80cd04bd-accb-49fb-b199-cfeef69b79dd"
                                    ]
                                  },
                                  "isGenerated": false,
                                  "options": {
                                    "header": true,
                                    "headerTitle": " "
                                  }
                                },
                                "widgetID": "APIMTopAppUsers"
                              },
                              "isClosable": false,
                              "header": {
                                "show": true
                              },
                              "componentName": "lm-react-component"
                            }
                          ]
                        }
                      ]
                    },
                    {
                      "type": "row",
                      "isClosable": true,
                      "title": "",
                      "height": 54.480052321778935,
                      "content": [
                        {
                          "type": "stack",
                          "isClosable": true,
                          "title": "",
                          "width": 51.35608048993876,
                          "height": 52.3696682464455,
                          "content": [
                            {
                              "title": "[APIM Registered App Users]",
                              "type": "component",
                              "component": "APIMRegisteredAppUsers",
                              "props": {
                                "id": "ad40c906-39bd-4095-ad81-6912d8b6dc8f",
                                "configs": {
                                  "isGenerated": false,
                                  "options": {
                                    "header": true,
                                    "headerTitle": " "
                                  }
                                },
                                "widgetID": "APIMRegisteredAppUsers"
                              },
                              "isClosable": false,
                              "header": {
                                "show": true
                              },
                              "componentName": "lm-react-component"
                            }
                          ]
                        },
                        {
                          "type": "stack",
                          "isClosable": true,
                          "title": "",
                          "width": 48.64391951006124,
                          "content": [
                            {
                              "title": "[APIM App Resource Usage]",
                              "type": "component",
                              "component": "APIMAppResourceUsage",
                              "props": {
                                "id": "e5c58cb0-c14c-4656-95fb-dee361f2857b",
                                "configs": {
                                  "pubsub": {
                                    "types": [
                                      "subscriber"
                                    ],
                                    "publishers": [
                                      "80cd04bd-accb-49fb-b199-cfeef69b79dd"
                                    ]
                                  },
                                  "isGenerated": false,
                                  "options": {
                                    "header": true,
                                    "headerTitle": " "
                                  }
                                },
                                "widgetID": "APIMAppResourceUsage"
                              },
                              "isClosable": false,
                              "header": {
                                "show": true
                              },
                              "componentName": "lm-react-component"
                            }
                          ]
                        }
                      ]
                    }
                  ]
                },
                {
                  "type": "column",
                  "isClosable": true,
                  "title": "",
                  "width": 30.550161812297738,
                  "content": [
                    {
                      "type": "stack",
                      "isClosable": true,
                      "title": "",
                      "width": 33.03162090399518,
                      "height": 8.923303834808259,
                      "content": [
                        {
                          "title": "[Date Time Range]",
                          "type": "component",
                          "component": "DateRangePicker",
                          "props": {
                            "id": "80cd04bd-accb-49fb-b199-cfeef69b79dd",
                            "configs": {
                              "pubsub": {
                                "types": [
                                  "publisher"
                                ],
                                "publisherWidgetOutputs": [
                                  "granularity",
                                  "from",
                                  "to"
                                ]
                              },
                              "isGenerated": false,
                              "options": {
                                "header": false,
                                "defaultValue": "1 Day",
                                "availableGranularities": "From Second",
                                "autoSyncInterval": "10"
                              }
                            },
                            "widgetID": "DateRangePicker"
                          },
                          "isClosable": false,
                          "header": {
                            "show": true
                          },
                          "componentName": "lm-react-component"
                        }
                      ]
                    },
                    {
                      "type": "stack",
                      "isClosable": true,
                      "title": "",
                      "height": 91.07669616519173,
                      "content": [
                        {
                          "title": "[APIM Application Api Usage]",
                          "type": "component",
                          "component": "APIMAppApiUsage",
                          "props": {
                            "id": "4506ced7-8fa6-41ef-b985-3fd9da8d5d9b",
                            "configs": {
                              "pubsub": {
                                "types": [
                                  "subscriber"
                                ],
                                "publishers": [
                                  "80cd04bd-accb-49fb-b199-cfeef69b79dd"
                                ]
                              },
                              "isGenerated": false,
                              "options": {
                                "header": true,
                                "headerTitle": " "
                              }
                            },
                            "widgetID": "APIMAppApiUsage"
                          },
                          "isClosable": false,
                          "header": {
                            "show": true
                          },
                          "componentName": "lm-react-component"
                        }
                      ]
                    }
                  ]
                }
              ]
            }
          ],
          "height": 1361
        }
      ]
    },
    "hasOwnerPermission": false,
    "hasDesignerPermission": false,
    "hasViewerPermission": false
  },
  "widgets": {
    "generated": [],
    "custom": [
      "APIMFaultyPerApp",
      "DateRangePicker",
      "APIMTopAppUsers",
      "APIMAppResourceUsage",
      "APIMRegisteredAppUsers",
      "APIMAppApiUsage"
    ]
  },
  "permissions": {
    "viewers": [
      "apim_analytics:admin_any",
      "apim_analytics:application_analytics:view_any"
    ],
    "owners": [
      "apim_analytics:application_analytics:own_carbon.super"
    ],
    "editors": [
      "apim_analytics:application_analytics:edit_carbon.super"
    ]
  }
}
