<?xml version="1.0" encoding="UTF-8"?>
<sequence name="update_student_sequence" trace="disable" xmlns="http://ws.apache.org/ns/synapse">
    <property expression="json-eval($.content.attributes)" name="attributes" scope="default" type="STRING"/>
    <property expression="json-eval($.content.dn)" name="dn" scope="default" type="STRING"/>
    <property expression="json-eval($.content.mode)" name="mode" scope="default" type="STRING"/>
    <ldap.updateEntry>
        <attributes>{$ctx:attributes}</attributes>
        <dn>{$ctx:dn}</dn>
        <mode>{$ctx:mode}</mode>
    </ldap.updateEntry>
    <respond/>
</sequence>
