<?xml version="1.0" encoding="UTF-8"?>
<sequence name="search_student_sequence" trace="disable" xmlns="http://ws.apache.org/ns/synapse">
    <property expression="json-eval($.content.objectClass)" name="objectClass" scope="default" type="STRING"/>
    <property expression="json-eval($.content.filters)" name="filters" scope="default" type="STRING"/>
    <property expression="json-eval($.content.attributes)" name="attributes" scope="default" type="STRING"/>
    <property expression="json-eval($.content.dn)" name="dn" scope="default" type="STRING"/>
    <ldap.searchEntry>
        <objectClass>{$ctx:objectClass}</objectClass>
        <limit>1000</limit>
        <filters>{$ctx:filters}</filters>
        <dn>{$ctx:dn}</dn>
        <attributes>{$ctx:attributes}</attributes>
    </ldap.searchEntry>
    <respond/>
</sequence>
