<?xml version="1.0" encoding="UTF-8"?>
<sequence name="create" trace="disable" xmlns="http://ws.apache.org/ns/synapse">
    <property expression="json-eval($.sObject)" name="sObject" scope="default" type="STRING"/>
    <property expression="json-eval($.fieldAndValue)" name="fieldAndValue" scope="default" type="STRING"/>
    <salesforcerest.init>
        <accessToken>00D2w000003w3i4!ASAAQFpiAcwqjjCqUO9T_kWtB8M56sMF1DoGiVbp0XcoGk.jVTUMAk_WRVv4H36EzZdt0P4DcBsMcdTlOLu47qk32SfdjR2x</accessToken>
        <apiVersion>v44.0</apiVersion>
        <hostName>https://login.salesforce.com</hostName>
        <refreshToken>5Aep861ZBQbtA4s3JUOPAq6CeIGxbUUlVaAZ.XMydzpvVzuEsX.DtrUEFpqg5UKtsB_rtRamxCs_rYOVGA.36V6</refreshToken>
        <clientSecret>00C576FA087C860A38DF187307BE723A6C733249E19A89037C94410F84CD1943</clientSecret>
        <clientId>3MVG9n_HvETGhr3A7Zpm1c_M.yHT__zCe_MJLMiaUuTQaMH_ez4HiYzVi7M7WLd3QDS2Jw1z4ymuLeoc2MSY6</clientId>
        <apiUrl>https://ap16.salesforce.com</apiUrl>
        <registryPath>connectors/SalesforceRest</registryPath>
    </salesforcerest.init>
    <salesforcerest.create>
        <sObjectName>{$ctx:sObject}</sObjectName>
        <fieldAndValue>{$ctx:fieldAndValue}</fieldAndValue>
    </salesforcerest.create>
</sequence>
