{
  "$schema":"http:\/\/wso2.org\/json-schema\/wso2-data-mapper-v5.0.0\/schema#",
  "id":"http:\/\/wso2jsonschema.org",
  "title":"root",
  "type":"object",
  "properties":{
    "xRefCode":{
      "id":"http:\/\/wso2jsonschema.org\/xRefCode",
      "type":"string"
    },
    "filterScheduleStartDate":{
      "id":"http:\/\/wso2jsonschema.org\/filterScheduleStartDate",
      "type":"string"
    },
    "filterScheduleEndDate":{
      "id":"http:\/\/wso2jsonschema.org\/filterScheduleEndDate",
      "type":"string"
    },
    "isPosted":{
      "id":"http:\/\/wso2jsonschema.org\/isPosted",
      "type":"boolean",
      "nullable":"true"
    },
    "expand":{
      "id":"http:\/\/wso2jsonschema.org\/expand",
      "type":"string",
      "nullable":"true"
    }
  }
}
