{
  "name": "APIM SIGNUPS ANALYTICS",
  "id": "APIMSignupsAnalytics",
  "thumbnailURL": "",
  "configs": {
    "pubsub": {
      "types": ["subscriber"]
    },
    "providerConfig" : {
      "configs": {
        "type": "RDBMSStreamingDataProvider",
        "config": {
          "datasourceName": "AM_DB",
          "queryData": {
            "query" : "select USER_ID, CREATED_TIME, count(SUBSCRIBER_ID) as count from AM_SUBSCRIBER where TENANT_ID={{tenantId}} AND CREATED_TIME between '{{timeFrom}}' AND '{{timeTo}}' group by CREATED_TIME, USER_ID"
          },
          "tableName": "AM_SUBSCRIBER",
          "incrementalColumn": "CREATED_TIME",
          "publishingLimit": 2147483647,
          "publishingInterval": 360000,
          "isPurgingEnable": false
        }
      }
    },
    "options": [
      {
        "id": "header",
        "title": "Header",
        "type": {
          "name": "BOOLEAN",
          "possibleValues": [
            true,
            false
          ]
        },
        "defaultValue": true
      },
      {
        "id": "headerTitle",
        "title": "Widget Title",
        "type": {
          "name": "TEXT"
        },
        "defaultValue": "Developer Signups Over Time"
      }
    ]
  }
}
