<?xml version="1.0" encoding="UTF-8"?>
<api context="/publishMessages" name="KafkaTransport" xmlns="http://ws.apache.org/ns/synapse">
    <resource methods="POST">
        <inSequence>
            <kafkaTransport.init>
                <bootstrapServers>localhost:9092</bootstrapServers>
                <keySerializerClass>org.apache.kafka.common.serialization.StringSerializer</keySerializerClass>
                <valueSerializerClass>org.apache.kafka.common.serialization.StringSerializer</valueSerializerClass>
                <maxPoolSize>100</maxPoolSize>
            </kafkaTransport.init>
            <kafkaTransport.publishMessages>
                <topic>test</topic>
            </kafkaTransport.publishMessages>
        </inSequence>
        <outSequence/>
        <faultSequence/>
    </resource>
</api>
