<?xml version="1.0" encoding="UTF-8"?>
<!--
  ~ Copyright (c) 2016, WSO2 Inc. (http://www.wso2.org) All Rights Reserved.
  ~
  ~ WSO2 Inc. licenses this file to you under the Apache License,
  ~ Version 2.0 (the "License"); you may not use this file except
  ~ in compliance with the License.
  ~ You may obtain a copy of the License at
  ~
  ~    http://www.apache.org/licenses/LICENSE-2.0
  ~
  ~ Unless required by applicable law or agreed to in writing,
  ~ software distributed under the License is distributed on an
  ~ "AS IS" BASIS, WITHOUT WARRANTIES OR CONDITIONS OF ANY
  ~ KIND, either express or implied.  See the License for the
  ~ specific language governing permissions and limitations
  ~ under the License.
-->

<component name="worksheetData" type="synapse/template">
    <subComponents>
        <component name="addRowsColumnsData">
            <file>addRowsColumnsData.xml</file>
            <description>Append row/rows/column/columns of data.</description>
        </component>
        <component name="deleteDimensionBatchRequest">
            <file>deleteDimensionBatchRequest.xml</file>
            <description>removing rows, columns and remove part of a row or column.</description>
        </component>
        <component name="getCellData">
            <file>getCellData.xml</file>
            <description>Retrieve any set of cell data from a sheet and cell contents as input
                values
                (as would be entered by a user at a keyboard) and/or the outputs of formula (if
                numeric)
            </description>
        </component>
        <component name="getMultipleCellData">
            <file>getMultipleCellData.xml</file>
            <description>Retrieve any set of cell data including multiple ranges from a sheet and
                cell contents as input values (as would be entered by a user at a keyboard)
                and/or the outputs of formula (if numeric)
            </description>
        </component>
        <component name="editCell">
            <file>editCell.xml</file>
            <description>Edit the content of the cell with new values.</description>
        </component>
        <component name="editMultipleCell">
            <file>editMultipleCell.xml</file>
            <description>Edit the content of multiple cell with new values.</description>
        </component>
        <component name="updateCellsBatchRequest">
            <file>updateCellsBatchRequest.xml</file>
            <description>Updates all cells in a range with new data that can be cell value,
                formatting.
            </description>
        </component>
        <component name="appendDimensionBatchRequest">
            <file>appendDimensionBatchRequest.xml</file>
            <description>Append empty rows or columns at the end of the sheet.</description>
        </component>
        <component name="updateBordersBatchRequest">
            <file>updateBordersBatchRequest.xml</file>
            <description>Edit cell borders</description>
        </component>
        <component name="repeatCellsBatchRequest">
            <file>repeatCellsBatchRequest.xml</file>
            <description>Repeat formatting of the cell into over a range of cells.</description>
        </component>
        <component name="mergeCellsBatchRequest">
            <file>mergeCellsBatchRequest.xml</file>
            <description>Merge range of cells into a one cell.</description>
        </component>
        <component name="setDataValidationBatchRequest">
            <file>setDataValidationBatchRequest.xml</file>
            <description>Apply data validation rule to a range.</description>
        </component>
        <component name="copyPasteBatchRequest">
            <file>copyPasteBatchRequest.xml</file>
            <description>Copy cell formatting in one range and paste it into another range on the
                same sheet.
            </description>
        </component>
        <component name="cutPasteBatchRequest">
            <file>cutPasteBatchRequest.xml</file>
            <description>cuts the one range and pastes its data, formats, formulas,
                and merges to the another range on the same sheet.
            </description>
        </component>
        <component name="updateConditionalFormatRuleBatchRequest">
            <file>updateConditionalFormatRuleBatchRequest.xml</file>
            <description>Update a conditional formatting rule or its priority.</description>
        </component>
        <component name="addConditionalFormatRuleBatchRequest">
            <file>addConditionalFormatRuleBatchRequest.xml</file>
            <description>Establishes a new conditional formatting rule.</description>
        </component>
        <component name="deleteConditionalFormatRuleBatchRequest">
            <file>deleteConditionalFormatRuleBatchRequest.xml</file>
            <description>Delete a conditional formatting rule.</description>
        </component>
        <component name="updateDimensionPropertiesBatchRequest">
            <file>updateDimensionPropertiesBatchRequest.xml</file>
            <description>Adjust column width or row height.</description>
        </component>
        <component name="autoResizeDimensionsBatchRequest">
            <file>autoResizeDimensionsBatchRequest.xml</file>
            <description>Automatically resize a column.</description>
        </component>
        <component name="insertDimensionBatchRequest">
            <file>insertDimensionBatchRequest.xml</file>
            <description>Insert an empty row or column at the end or in the middle.</description>
        </component>
        <component name="moveDimensionBatchRequest">
            <file>moveDimensionBatchRequest.xml</file>
            <description>Move a row or column / range of rows or columns.</description>
        </component>
        <component name="sortRangeBatchRequest">
            <file>sortRangeBatchRequest.xml</file>
            <description>Sort a range with multiple sorting specifications.</description>
        </component>
    </subComponents>
</component>