<?xml version="1.0" encoding="UTF-8"?>
<sequence name="PostRecord" trace="disable" xmlns="http://ws.apache.org/ns/synapse">
    <servicenow.init>
        <serviceNowInstanceURL>https://dev55707.service-now.com</serviceNowInstanceURL>
        <username>admin</username>
        <password>Diazo123@</password>
    </servicenow.init>
    <servicenow.postRecord>
        <tableName>incident</tableName>
        <sysparmDisplayValue>true</sysparmDisplayValue>
        <sysparmFields>short_description,number,sys_id</sysparmFields>
        <sysparmView>short_description,number,sys_id</sysparmView>
        <sysparmInputDisplayValue>true</sysparmInputDisplayValue>
        <number>34</number>
        <shortDescription>{$ctx:shortDescription}</shortDescription>
        <active>true</active>
        <approval>owner</approval>
        <category>inquiry</category>
        <contactType>{$ctx:contactType}</contactType>
    </servicenow.postRecord>
    <property expression="json-eval($.result.sys_id)" name="sysId" scope="default" type="STRING"/>
</sequence>
