<?xml version="1.0" encoding="UTF-8"?>
<sequence name="UpdateRecord" trace="disable" xmlns="http://ws.apache.org/ns/synapse">
    <servicenow.init>
        <serviceNowInstanceURL>https://dev55707.service-now.com</serviceNowInstanceURL>
        <username>admin</username>
        <password>Diazo123@</password>
    </servicenow.init>
    <servicenow.putRecordById>
        <tableName>incident</tableName>
        <sysId>{$ctx:sysId}</sysId>
        <number>100</number>
        <shortDescription>Updated Short Description</shortDescription>
    </servicenow.putRecordById>
    <property expression="json-eval($.result.sys_id)" name="sysId2" scope="default" type="STRING"/>
</sequence>
