<?xml version="1.0" encoding="UTF-8"?>
<api context="/service" name="accessTokenFromServiceAccount" xmlns="http://ws.apache.org/ns/synapse">
    <resource methods="POST">
        <inSequence>
            <property expression="json-eval($.apiUrl)" name="apiUrl" scope="default" type="STRING"/>
            <property expression="json-eval($.keyStoreLocation)" name="keyStoreLocation" scope="default" type="STRING"/>
            <property expression="json-eval($.serviceAccount)" name="serviceAccount" scope="default" type="STRING"/>
            <property expression="json-eval($.scope)" name="scope" scope="default" type="STRING"/>
            <property expression="json-eval($.accessTokenRegistryPath)" name="accessTokenRegistryPath" scope="default" type="STRING"/>
            <property expression="json-eval($.tableId)" name="tableId" scope="default" type="STRING"/>
            <property expression="json-eval($.datasetId)" name="datasetId" scope="default" type="STRING"/>
            <property expression="json-eval($.projectId)" name="projectId" scope="default" type="STRING"/>
            <bigquery.getAccessTokenFromServiceAccount>
                <apiUrl>{$ctx:apiUrl}</apiUrl>
                <keyStoreLocation>{$ctx:keyStoreLocation}</keyStoreLocation>
                <serviceAccount>{$ctx:serviceAccount}</serviceAccount>
                <scope>{$ctx:scope}</scope>
                <accessTokenRegistryPath>{$ctx:accessTokenRegistryPath}</accessTokenRegistryPath>
            </bigquery.getAccessTokenFromServiceAccount>
            <bigquery.getTable>
                <datasetId>{$ctx:datasetId}</datasetId>
                <projectId>{$ctx:projectId}</projectId>
                <tableId>{$ctx:tableId}</tableId>
            </bigquery.getTable>
            <respond/>
        </inSequence>
        <outSequence>
            <send/>
        </outSequence>
        <faultSequence/>
    </resource>
</api>
