<?xml version="1.0" encoding="UTF-8"?>
<api context="/resources" name="bigquery-testAPI" xmlns="http://ws.apache.org/ns/synapse">
    <resource methods="POST" url-mapping="/gettabledetails">
        <inSequence>
            <property expression="json-eval($.tableId)" name="tableId" scope="default" type="STRING"/>
            <property expression="json-eval($.datasetId)" name="datasetId" scope="default" type="STRING"/>
            <property expression="json-eval($.projectId)" name="projectId" scope="default" type="STRING"/>
            <bigquery.init>
                <apiUrl>https://www.googleapis.com</apiUrl>
                <accessToken><!-- access token --></accessToken>
                <clientId><!-- client id --></clientId>
                <clientSecret><!-- client secret --></clientSecret>
                <refreshToken><!-- refresh token --></refreshToken>
                <registryPath>{$ctx:registryPath}</registryPath>
                <apiKey><!-- api key --></apiKey>
                <callback>callBackFunction</callback>
                <prettyPrint>true</prettyPrint>
                <quotaUser>{$ctx:quotaUser}</quotaUser>
                <userIp>{$ctx:userIp}</userIp>
                <fields>{$ctx:fields}</fields>
                <ifNoneMatch>{$ctx:ifNoneMatch}</ifNoneMatch>
                <ifMatch>{$ctx:ifMatch}</ifMatch>
            </bigquery.init>
            <bigquery.getTable>
                <datasetId>{$ctx:datasetId}</datasetId>
                <projectId>{$ctx:projectId}</projectId>
                <tableId>{$ctx:tableId}</tableId>
            </bigquery.getTable>
            <respond/>
        </inSequence>
        <outSequence/>
        <faultSequence/>
    </resource>
    <resource methods="POST" url-mapping="/insertdetails">
        <inSequence>
            <property expression="json-eval($.tableId)" name="tableId" scope="default" type="STRING"/>
            <property expression="json-eval($.datasetId)" name="datasetId" scope="default" type="STRING"/>
            <property expression="json-eval($.projectId)" name="projectId" scope="default" type="STRING"/>
            <property expression="json-eval($.jsonPay)" name="jsonPay" scope="default" type="STRING"/>
            <bigquery.init>
                <apiUrl>https://www.googleapis.com</apiUrl>
                <accessToken><!-- access token --></accessToken>
                <clientId><!-- client id --></clientId>
                <clientSecret><!-- client secret --></clientSecret>
                <refreshToken><!-- refresh token --></refreshToken>
                <registryPath>{$ctx:registryPath}</registryPath>
                <apiKey><!-- api key --></apiKey>
                <callback>callBackFunction</callback>
                <prettyPrint>true</prettyPrint>
                <quotaUser>{$ctx:quotaUser}</quotaUser>
                <userIp>{$ctx:userIp}</userIp>
                <fields>{$ctx:fields}</fields>
                <ifNoneMatch>{$ctx:ifNoneMatch}</ifNoneMatch>
                <ifMatch>{$ctx:ifMatch}</ifMatch>
            </bigquery.init>
            <bigquery.insertAllTableData>
                <datasetId>{$ctx:datasetId}</datasetId>
                <projectId>{$ctx:projectId}</projectId>
                <tableId>{$ctx:tableId}</tableId>
                <skipInvalidRows>true</skipInvalidRows>
                <ignoreUnknownValues>true</ignoreUnknownValues>
                <templateSuffix>{$ctx:templateSuffix}</templateSuffix>
                <jsonPay>{$ctx:jsonPay}</jsonPay>
            </bigquery.insertAllTableData>
            <respond/>
        </inSequence>
        <outSequence/>
        <faultSequence/>
    </resource>
    <resource methods="POST" url-mapping="/getdetails">
        <inSequence>
            <property expression="json-eval($.tableId)" name="tableId" scope="default" type="STRING"/>
            <property expression="json-eval($.datasetId)" name="datasetId" scope="default" type="STRING"/>
            <property expression="json-eval($.projectId)" name="projectId" scope="default" type="STRING"/>
            <bigquery.init>
                <apiUrl>https://www.googleapis.com</apiUrl>
                <accessToken><!-- access token --></accessToken>
                <clientId><!-- client id --></clientId>
                <clientSecret><!-- client secret --></clientSecret>
                <refreshToken><!-- refresh token --></refreshToken>
                <registryPath>{$ctx:registryPath}</registryPath>
                <apiKey><!-- api key --></apiKey>
                <callback>callBackFunction</callback>
                <prettyPrint>true</prettyPrint>
                <quotaUser>{$ctx:quotaUser}</quotaUser>
                <userIp>{$ctx:userIp}</userIp>
                <fields>{$ctx:fields}</fields>
                <ifNoneMatch>{$ctx:ifNoneMatch}</ifNoneMatch>
                <ifMatch>{$ctx:ifMatch}</ifMatch>
            </bigquery.init>
            <bigquery.listTabledata>
                <datasetId>{$ctx:datasetId}</datasetId>
                <projectId>{$ctx:projectId}</projectId>
                <tableId>{$ctx:tableId}</tableId>
                <maxResults>{$ctx:maxResults}</maxResults>
                <pageToken>{$ctx:pageToken}</pageToken>
                <startIndex>{$ctx:startIndex}</startIndex>
            </bigquery.listTabledata>
            <respond/>
        </inSequence>
        <outSequence/>
        <faultSequence/>
    </resource>
    <resource methods="POST" url-mapping="/runQuery">
        <inSequence>
            <property expression="json-eval($.tableId)" name="tableId" scope="default" type="STRING"/>
            <property expression="json-eval($.defaultDatasetId)" name="defaultDatasetId" scope="default" type="STRING"/>
            <property expression="json-eval($.projectId)" name="projectId" scope="default" type="STRING"/>
            <bigquery.init>
                <apiUrl>https://www.googleapis.com</apiUrl>
                <accessToken><!-- access token --></accessToken>
                <clientId><!-- client id --></clientId>
                <clientSecret><!-- client secret --></clientSecret>
                <refreshToken><!-- refresh token --></refreshToken>
                <registryPath>{$ctx:registryPath}</registryPath>
                <apiKey><!-- api key --></apiKey>
                <callback>callBackFunction</callback>
                <prettyPrint>true</prettyPrint>
                <quotaUser>{$ctx:quotaUser}</quotaUser>
                <userIp>{$ctx:userIp}</userIp>
                <fields>{$ctx:fields}</fields>
                <ifNoneMatch>{$ctx:ifNoneMatch}</ifNoneMatch>
                <ifMatch>{$ctx:ifMatch}</ifMatch>
            </bigquery.init>
            <bigquery.runQuery>
                <projectId>{$ctx:projectId}</projectId>
                <kind>bigquery#tableDataInsertAllResponse</kind>
                <query>SELECT * FROM students</query>
                <maxResults>10000</maxResults>
                <defaultDatasetId>{$ctx:defaultDatasetId}</defaultDatasetId>
                <defaultProjectId>{$ctx:defaultProjectId}</defaultProjectId>
                <timeoutMs>10000</timeoutMs>
                <dryRun>false</dryRun>
                <useQueryCache>true</useQueryCache>
                <useLegacySql>{$ctx:useLegacySql}</useLegacySql>
            </bigquery.runQuery>
            <respond/>
        </inSequence>
        <outSequence/>
        <faultSequence/>
    </resource>
</api>
