<?xml version="1.0" encoding="UTF-8"?><artifacts>
    <artifact name="bigquery-testAPI" groupId="com.example.bigquery-connector.api" version="1.0.0" type="synapse/api" serverRole="EnterpriseServiceBus">
        <file>src/main/synapse-config/api/bigquery-testAPI.xml</file>
    </artifact>
    <artifact name="accessTokenFromServiceAccount" groupId="com.example.bigquery-connector.api" version="1.0.0" type="synapse/api" serverRole="EnterpriseServiceBus">
        <file>src/main/synapse-config/api/accessTokenFromServiceAccount.xml</file>
    </artifact>
</artifacts>
