<?xml version="1.0" encoding="UTF-8"?><artifacts>
    <artifact name="MSAzureStorage" groupId="com.example.ms-azure-connector.api" version="1.0.0" type="synapse/api" serverRole="EnterpriseServiceBus">
        <file>src/main/synapse-config/api/MSAzureStorage.xml</file>
    </artifact>
    <artifact name="list" groupId="com.example.ms-azure-connector.proxy-service" version="1.0.0" type="synapse/proxy-service" serverRole="EnterpriseServiceBus">
        <file>src/main/synapse-config/proxy-services/list.xml</file>
    </artifact>
    <artifact name="create" groupId="com.example.ms-azure-connector.proxy-service" version="1.0.0" type="synapse/proxy-service" serverRole="EnterpriseServiceBus">
        <file>src/main/synapse-config/proxy-services/create.xml</file>
    </artifact>
    <artifact name="faultHandlerSeq" groupId="com.example.ms-azure-connector.sequence" version="1.0.0" type="synapse/sequence" serverRole="EnterpriseServiceBus">
        <file>src/main/synapse-config/sequences/faultHandlerSeq.xml</file>
    </artifact>
    <artifact name="configDataForMsAzure" groupId="com.example.ms-azure-connector.local-entry" version="1.0.0" type="synapse/local-entry" serverRole="EnterpriseServiceBus">
        <file>src/main/synapse-config/local-entries/configDataForMsAzure.xml</file>
    </artifact>
</artifacts>
