{
  "name": "APIM AVERAGE API LATENCY",
  "id": "APIMAverageApiLatency",
  "thumbnailURL": "",
  "configs": {
    "pubsub": {
      "types": ["subscriber"]
    },
    "providerConfig" : {
      "configs": {
        "type": "SiddhiStoreDataProvider",
        "config": {
          "siddhiApp": "@App:name('latency time')\ndefine stream MergedStream (apiName string, apiVersion string, apiContext string, apiCreator string, apiCreatorTenantDomain string, apiHostname string, applicationId string, applicationName string, quotaExceededValue int, requestTimestamp long, gatewayType string, label string, operatingSystem string, browser string, apiResourceTemplate string, apiMethod string, destination string, applicationOwner string, username string, userTenantDomain string, responseTime long, serviceTime long, backendTime long, securityLatency long, throttlingLatency long, requestMedLat long, responseMedLat long, backendLatency long, otherLatency long); @store(type = 'rdbms', datasource = 'APIM_ANALYTICS_DB',field.length = 'applicationId:40, apiHostname:200, apiMethod:20, regionalID:20, SHARD_ID:20, username:150, userTenantDomain:150, apiCreator:150, apiCreatorTenantDomain:150, operatingSystem:100, browser:100') @purge(enable='false', interval='60 min', @retentionPeriod(sec='1 hour', min='3 days', hours='90 days', days='1 year', months='10 years')) @persistedAggregation(enable='true', is.read.only='true') define aggregation MergedAggregation from MergedStream select apiName, apiVersion, apiContext, apiCreator, apiCreatorTenantDomain, apiHostname, applicationName, count() as totalRequestCount, sum(quotaExceededValue) as aboveQuotaCount, gatewayType, label, 'default' as regionalID, applicationId, apiResourceTemplate, apiMethod, destination, applicationOwner, username, userTenantDomain, operatingSystem, browser, sum(responseTime) as responseTime, sum(serviceTime) as serviceTime, sum(backendTime) as backendTime, sum(securityLatency) as securityLatency, sum(throttlingLatency) as throttlingLatency, sum(requestMedLat) as requestMedLat, sum(responseMedLat) as responseMedLat, sum(backendLatency) as backendLatency, sum(otherLatency) as otherLatency group by apiContext, apiHostname, applicationId, apiResourceTemplate, apiMethod, destination, username, userTenantDomain, apiCreator, apiCreatorTenantDomain, operatingSystem, browser aggregate by requestTimestamp every seconds...years;",
          "queryData": {
            "latencyquery": "from MergedAggregation on apiCreatorTenantDomain=='{{tenantDomain}}' within {{from}}L, {{to}}L per \"{{per}}s\" select apiName, sum(responseTime * 1.0)/count() as latency, 1 as reqcount, apiVersion group by apiName, apiVersion"
          },
          "publishingInterval": 60
        }
      }
    },
    "options": [
      {
        "id": "header",
        "title": "Header",
        "type": {
          "name": "BOOLEAN",
          "possibleValues": [
            true,
            false
          ]
        },
        "defaultValue": true
      },
      {
        "id": "headerTitle",
        "title": "Widget Title",
        "type": {
          "name": "TEXT"
        },
        "defaultValue": "Average Api Latency"
      }
    ]
  }
}
