<?xml version="1.0" encoding="UTF-8"?><artifacts>
    <artifact name="salesforcebulk-connector-1.0.8" groupId="com.example.lib" version="SNAPSHOT" type="synapse/lib" serverRole="EnterpriseServiceBus">
        <file>salesforcebulk-connector-1.0.8-SNAPSHOT.zip</file>
    </artifact>
    <artifact name="fileconnector-connector" groupId="com.example.lib" version="3.0.0" type="synapse/lib" serverRole="EnterpriseServiceBus">
        <file>fileconnector-connector-3.0.0.zip</file>
    </artifact>
</artifacts>
