<?xml version="1.0" encoding="UTF-8"?><artifacts>
    <artifact name="KafkaTransport" groupId="com.example.api" version="1.0.0" type="synapse/api" serverRole="EnterpriseServiceBus">
        <file>src/main/synapse-config/api/KafkaTransport.xml</file>
    </artifact>
    <artifact name="KafkaTransport_swagger" groupId="com.example.metadata" version="1.0.0" type="synapse/metadata" serverRole="EnterpriseServiceBus">
        <file>src/main/resources/metadata/KafkaTransport_swagger.yaml</file>
    </artifact>
    <artifact name="KafkaTransport_metadata" groupId="com.example.metadata" version="1.0.0" type="synapse/metadata" serverRole="EnterpriseServiceBus">
        <file>src/main/resources/metadata/KafkaTransport_metadata.yaml</file>
    </artifact>
    <artifact name="KAFKA_CONNECTION_1" groupId="com.example.local-entry" version="1.0.0" type="synapse/local-entry" serverRole="EnterpriseServiceBus">
        <file>/src/main/synapse-config/local-entries/KAFKA_CONNECTION_1.xml</file>
    </artifact>
</artifacts>
