<?xml version="1.0" encoding="UTF-8"?>
<api context="/createtweet" name="createTweet" xmlns="http://ws.apache.org/ns/synapse">
    <resource methods="POST">
        <inSequence>
            <property expression="json-eval($.clientId)" name="clientId" scope="default" type="STRING"/>
            <property expression="json-eval($.accessToken)" name="accessToken" scope="default" type="STRING"/>
            <property expression="json-eval($.id)" name="id" scope="default" type="STRING"/>
            <property expression="json-eval($.text)" name="text" scope="default" type="STRING"/>
            <property expression="json-eval($.for_super_followers_only)" name="for_super_followers_only" scope="default" type="STRING"/>
            <property expression="json-eval($.poll)" name="place_fields" scope="default" type="STRING"/>
            <twitter.init>
                <accessToken>{$ctx:accessToken}</accessToken>
                <clientId>{$ctx:clientId}</clientId>
            </twitter.init>
            <twitter.createTweet>
                <for_super_followers_only>{$ctx:for_super_followers_only}</for_super_followers_only>
                <poll>{$ctx:poll}</poll>
                <text>{$ctx:text}</text>
            </twitter.createTweet>
            <respond/>
        </inSequence>
        <outSequence>
            <send/>
        </outSequence>
        <faultSequence/>
    </resource>
</api>
