{
  "name": "APIM GEO BASED INVOCATIONS",
  "id": "APIMGeoBasedInvocations",
  "thumbnailURL": "",
  "configs": {
    "pubsub": {
      "types": ["subscriber"]
    },
    "providerConfig" : {
      "configs": {
        "type": "SiddhiStoreDataProvider",
        "config": {
          "siddhiApp": "@App:name('APIMGeoBasedInvocationsSiddhi') define stream geoTempStream(apiName string, apiVersion string,apiContext string, apiCreator string, apiCreatorTenantDomain string, username string, userTenantDomain string, country string, city string, totalCount long, requestTimestamp long); @primaryKey('API_ID') @store(type=\"rdbms\" , datasource=\"AM_DB\") define table AM_API(API_ID int,API_PROVIDER string,API_NAME string,API_VERSION string,CONTEXT string,CONTEXT_TEMPLATE string,API_TIER string,CREATED_BY string,CREATED_TIME string,UPDATED_BY string,UPDATED_TIME string); @store(type = 'rdbms', datasource = 'APIM_ANALYTICS_DB')\n@purge(enable='false', interval='60 min', @retentionPeriod(sec='1 day', min='72 hours', hours='90 days', days='1 year', months='2 years', years='3 years')) define aggregation GeoLocationAgg from geoTempStream select apiName,apiVersion,apiCreator,apiCreatorTenantDomain,username,userTenantDomain, country, city, count() as totalCount,'default' as regionalID group by apiContext,country,city aggregate by requestTimestamp every seconds...years;",
          "queryData": {
            "mainquery": "from GeoLocationAgg on apiCreatorTenantDomain=='{{tenantDomain}}' AND {{filterCondition}} within {{timeFrom}}L, {{timeTo}}L per \"{{per}}s\" select sum(totalCount) as count,country group by country;"
          },
          "publishingInterval": 360000
        }
      }
    },
    "options": [
      {
        "id": "header",
        "title": "Header",
        "type": {
          "name": "BOOLEAN",
          "possibleValues": [
            true,
            false
          ]
        },
        "defaultValue": true
      },
      {
        "id": "headerTitle",
        "title": "Widget Title",
        "type": {
          "name": "TEXT"
        },
        "defaultValue": "API Usage by Geo Location"
      }
    ]
  }
}
