{
  "name": "OVERALL FAULT ANALYTICS",
  "id": "OverallFaultAnalytics",
  "thumbnailURL": "",
  "configs": {
    "pubsub": {
      "types": ["subscriber"]
    },
    "providerConfig" : {
      "configs": {
        "type": "SiddhiStoreDataProvider",
        "config": {
          "siddhiApp": "@App:name('OverallFaultAnalyticsSiddhi') define stream FaultStream(meta_clientType string,applicationConsumerKey string,apiName string,apiVersion string,apiContext string,apiResourcePath string,apiMethod string,apiCreator string,username string,userTenantDomain string,apiCreatorTenantDomain string,hostname string,applicationId string,applicationName string,protocol string,errorCode string,errorMessage string,requestTimestamp long); @store(type='rdbms', datasource='APIM_ANALYTICS_DB') @purge(enable='false', interval='60 min', @retentionPeriod(sec='1 day', min='72 hours', hours='90 days', days='1 year', months='2 years', years='3 years')) define aggregation ApiFaultyInvocationAgg from FaultStream select apiName,apiVersion,apiCreator,apiCreatorTenantDomain,apiContext,applicationConsumerKey,hostname,applicationId,applicationName,requestTimestamp,count() as totalFaultCount,'default' as regionalID group by apiContext,applicationId,hostname aggregate by requestTimestamp every seconds...year;",
          "queryData": {
            "query": "from ApiFaultyInvocationAgg on apiCreatorTenantDomain=='{{tenantDomain}}' within {{timeFrom}}L, {{timeTo}}L per \"days\" select sum(totalFaultCount) as count,AGG_TIMESTAMP group by AGG_TIMESTAMP order by AGG_TIMESTAMP asc;"
          },
          "publishingInterval": 360000
        }
      }
    },
    "options": [
      {
        "id": "header",
        "title": "Header",
        "type": {
          "name": "BOOLEAN",
          "possibleValues": [
            true,
            false
          ]
        },
        "defaultValue": false
      },
      {
        "id": "headerTitle",
        "title": "Widget Title",
        "type": {
          "name": "TEXT"
        },
        "defaultValue": "Errors During Past 30 Days"
      },
      {
        "id": "drillDown",
        "title": "Faults Summary Page",
        "type": {
          "name": "TEXT"
        },
        "defaultValue": "faults-summary"
      }
    ]
  }
}
