<?xml version="1.0" encoding="UTF-8"?>
<!--
  ~ Copyright (c) 2016, WSO2 Inc. (http://www.wso2.org) All Rights Reserved.
  ~
  ~ WSO2 Inc. licenses this file to you under the Apache License,
  ~ Version 2.0 (the "License"); you may not use this file except
  ~ in compliance with the License.
  ~ You may obtain a copy of the License at
  ~
  ~    http://www.apache.org/licenses/LICENSE-2.0
  ~
  ~ Unless required by applicable law or agreed to in writing,
  ~ software distributed under the License is distributed on an
  ~ "AS IS" BASIS, WITHOUT WARRANTIES OR CONDITIONS OF ANY
  ~ KIND, either express or implied.  See the License for the
  ~ specific language governing permissions and limitations
  ~ under the License.
-->

<template name="createSpreadsheet" xmlns="http://ws.apache.org/ns/synapse">
    <parameter name="spreadsheetId" description="Unique identifier of the spreadsheet"/>
    <parameter name="properties" description="Properties of the spreadsheet"/>
    <parameter name="sheets" description="List of sheets and their properties that you want
                                                                    to add into the spread sheet"/>
    <parameter name="namedRanges" description="Create names that refer to a single cell,
                                                                    a group of cells on the sheet"/>
    <parameter name="fields"
               description="Specifying which fields to include in a partial response"/>
    <sequence>
        <property name="spreadsheetId" expression="$func:spreadsheetId"/>
        <property name="properties" expression="$func:properties"/>
        <property name="sheets" expression="$func:sheets"/>
        <property name="namedRanges" expression="$func:namedRanges"/>
        <property name="fields" expression="$func:fields"/>
        <script language="js">
            <![CDATA[
                //request body param variables
                var spreadsheetId = mc.getProperty("spreadsheetId");
                var properties = mc.getProperty("properties");
                var sheets = mc.getProperty("sheets");
                var fields = mc.getProperty("fields");
                var namedRanges = mc.getProperty("namedRanges");
                //url param processing start
                var urlParamString = '';
                if (fields != "" && fields != null) {
                    urlParamString += '&fields=' + fields;
                }
                if(urlParamString != '') {
                    urlParamString = '?' + urlParamString.toString().substring(1);
                }
                mc.setProperty('uri.var.urlParamString', urlParamString);
                //url param processing end
                //request body param processing start
                payload = {};
                if (spreadsheetId != null && spreadsheetId != "") {
                    payload.spreadsheetId = spreadsheetId;
                }
                if (properties != null && properties != "" && properties != {} ) {
                        payload.properties = eval("("+properties+")");
                }
                if (sheets != null && sheets != "" && sheets!= []) {
                        payload.sheets = eval("("+sheets+")");
                }
                if (namedRanges != null && namedRanges != "" && namedRanges!= []) {
                        payload.namedRanges = eval("("+namedRanges+")");
                }
                mc.setPayloadJSON(payload);
                //request body param processing end
            ]]>
        </script>
        <filter source="$ctx:spreadsheetBlocking" regex="true">
            <then>
                <call blocking="true">
                    <endpoint>
                        <http method="post"
                              uri-template="{uri.var.apiUrl}{+uri.var.urlParamString}"/>
                    </endpoint>
                </call>
            </then>
            <else>
                <call>
                    <endpoint>
                        <http method="post"
                              uri-template="{uri.var.apiUrl}{+uri.var.urlParamString}"/>
                    </endpoint>
                </call>
            </else>
        </filter>
        <!-- Remove response custom header information -->
        <header name="Cache-Control" scope="transport" action="remove"/>
        <header name="Content-Encoding" scope="transport" action="remove"/>
        <header name="Content-Length" scope="transport" action="remove"/>
        <header name="Content-Type" scope="transport" action="remove"/>
        <header name="Date" scope="transport" action="remove"/>
        <header name="Server" scope="transport" action="remove"/>
        <header name="Vary" scope="transport" action="remove"/>
    </sequence>
</template>