{
  "name": "APIM FAULTY PER APP",
  "id": "APIMFaultyPerApp",
  "thumbnailURL": "",
  "configs": {
    "pubsub": {
      "types": ["subscriber"]
    },
    "providerConfig" : {
      "configs": {
        "type": "SiddhiStoreDataProvider",
        "config": {
          "siddhiApp": "@App:name('APIMFaultyPerAppSiddhi') @primaryKey('APPLICATION_ID') @store(type='rdbms' , datasource='AM_DB') define table AM_APPLICATION(APPLICATION_ID int,NAME string,SUBSCRIBER_ID int,APPLICATION_TIER string,CALLBACK_URL string,DESCRIPTION string,APPLICATION_STATUS string,GROUP_ID string,CREATED_BY string,CREATED_TIME string,UPDATED_BY string,UPDATED_TIME string,UUID string,TOKEN_TYPE string); define stream FaultStream(meta_clientType string,applicationConsumerKey string,apiName string,apiVersion string,apiContext string,apiResourcePath string,apiMethod string,apiCreator string,username string,userTenantDomain string,apiCreatorTenantDomain string,hostname string,applicationId string,applicationName string,protocol string,errorCode string,errorMessage string,requestTimestamp long); @store(type='rdbms', datasource='APIM_ANALYTICS_DB') @purge(enable='false', interval='60 min', @retentionPeriod(sec='5 minutes', min='72 hours', hours='90 days', days='1 year', months='10 years')) define aggregation ApiFaultyInvocationAgg from FaultStream select apiName,apiVersion,apiCreator,apiCreatorTenantDomain,apiContext,applicationConsumerKey,hostname,applicationId,applicationName,requestTimestamp,count() as totalFaultCount,'default' as regionalID group by apiContext,applicationId,hostname aggregate by requestTimestamp every seconds...year;",
          "queryData": {
            "applicationQuery": "from AM_APPLICATION on {{applicationUUID}} select APPLICATION_ID,UUID;",
            "faultyQuery": "from ApiFaultyInvocationAgg on  {{application}} within {{from}}L, {{to}}L per '{{per}}s' select apiName,apiVersion,apiCreator,sum(totalFaultCount) as RequestCount group by apiCreator,apiName,apiVersion order by RequestCount desc limit {{limit}};"
          },
          "publishingInterval": 360000
        }
      }
    },
    "options": [
      {
        "id": "header",
        "title": "Header",
        "type": {
          "name": "BOOLEAN",
          "possibleValues": [
            true,
            false
          ]
        },
        "defaultValue": true
      },
      {
        "id": "headerTitle",
        "title": "Widget Title",
        "type": {
          "name": "TEXT"
        },
        "defaultValue": "Faulty Invocations per Application"
      }
    ]
  }
}
