<?xml version="1.0" encoding="UTF-8"?>
<api context="/sendmails" name="SendMails" xmlns="http://ws.apache.org/ns/synapse">
    <resource methods="GET">
        <inSequence>
            <gmail.init>
                <userId></userId>
                <accessToken></accessToken>
                <apiUrl>https://www.googleapis.com/gmail</apiUrl>
                <clientId></clientId>
                <clientSecret></clientSecret>
                <refreshToken></refreshToken>
            </gmail.init>
            <gmail.listAllMails>
                <includeSpamTrash>false</includeSpamTrash>
                <maxResults>20</maxResults>
                <q>is:unread label:customers</q>
            </gmail.listAllMails>
            <iterate expression="json-eval($.messages)">
                <target>
                    <sequence>
                        <sequence key="reply"/>
                    </sequence>
                </target>
            </iterate>
            <respond/>
        </inSequence>
        <outSequence/>
        <faultSequence/>
    </resource>
</api>
