<?xml version="1.0" encoding="UTF-8"?><artifacts>
    <artifact name="DBEventProcessSeq" groupId="com.example.CustomerDBEventReceiverProject.sequence" version="1.0.0" type="synapse/sequence" serverRole="EnterpriseServiceBus">
        <file>src/main/synapse-config/sequences/DBEventProcessSeq.xml</file>
    </artifact>
    <artifact name="eventProcessFailSeq" groupId="com.example.CustomerDBEventReceiverProject.sequence" version="1.0.0" type="synapse/sequence" serverRole="EnterpriseServiceBus">
        <file>src/main/synapse-config/sequences/eventProcessFailSeq.xml</file>
    </artifact>
    <artifact name="CustomerDBEventEP" groupId="com.example.CustomerDBEventReceiverProject.inbound-endpoint" version="1.0.0" type="synapse/inbound-endpoint" serverRole="EnterpriseServiceBus">
        <file>src/main/synapse-config/inbound-endpoints/CustomerDBEventEP.xml</file>
    </artifact>
</artifacts>
