<?xml version="1.0" encoding="UTF-8"?><artifacts>
    <artifact name="SendMails" groupId="com.example.GmailConnector2.api" version="1.0.0" type="synapse/api" serverRole="EnterpriseServiceBus">
        <file>src/main/synapse-config/api/SendMails.xml</file>
    </artifact>
    <artifact name="reply" groupId="com.example.GmailConnector2.sequence" version="1.0.0" type="synapse/sequence" serverRole="EnterpriseServiceBus">
        <file>src/main/synapse-config/sequences/reply.xml</file>
    </artifact>
</artifacts>
