{
  "name": "APIM ALERT SUMMARY",
  "id": "APIMAlertSummary",
  "thumbnailURL": "",
  "configs": {
    "pubsub": {
      "types": ["subscriber"]
    },
    "providerConfig" : {
      "configs": {
        "type": "SiddhiStoreDataProvider",
        "config": {
          "siddhiApp": "@App:name('APIM_alert_SUMMARY') @store(type='rdbms' , datasource= 'AM_DB') define table AM_API(API_ID int,API_PROVIDER string,API_NAME string,API_VERSION string,CONTEXT string,CONTEXT_TEMPLATE string,API_TIER string,CREATED_BY string,CREATED_TIME string,UPDATED_BY string,UPDATED_TIME string); @store(type = 'rdbms', datasource = 'APIM_ANALYTICS_DB', field.length = 'message:3000') define table ApimAllAlert (type string, tenantDomain string, message string, severity int, alertTimestamp long, apiName string);",
          "queryData": {
            "apiquery": "from AM_API on {{contextContainsCondition}} select API_NAME;",
            "alertquery": "from ApimAllAlert on tenantDomain=='{{tenantDomain}}' AND alertTimestamp >= {{timeFrom}}L AND alertTimestamp <= {{timeTo}}L {{apiName}} select apiName, type, severity, message, alertTimestamp order by alertTimestamp desc limit {{limit}}"
          },
          "publishingInterval": 360000
        }
      }
    },
    "options": [
      {
        "id": "header",
        "title": "Header",
        "type": {
          "name": "BOOLEAN",
          "possibleValues": [
            true,
            false
          ]
        },
        "defaultValue": true
      },
      {
        "id": "headerTitle",
        "title": "Widget Title",
        "type": {
          "name": "TEXT"
        },
        "defaultValue": "Alert Summary"
      }
    ]
  }
}
