<?xml version="1.0" encoding="UTF-8"?>
<api context="/student" name="college_student_api" xmlns="http://ws.apache.org/ns/synapse">
    <resource methods="POST" url-mapping="/create">
        <inSequence>
            <sequence key="init_sequence"/>
            <sequence key="add_student_sequence"/>
        </inSequence>
        <outSequence/>
        <faultSequence/>
    </resource>
    <resource methods="POST" url-mapping="/search">
        <inSequence>
            <sequence key="init_sequence"/>
            <sequence key="search_student_sequence"/>
        </inSequence>
        <outSequence/>
        <faultSequence/>
    </resource>
    <resource methods="POST" url-mapping="/update">
        <inSequence>
            <sequence key="init_sequence"/>
            <sequence key="update_student_sequence"/>
        </inSequence>
        <outSequence/>
        <faultSequence/>
    </resource>
    <resource methods="POST" url-mapping="/delete">
        <inSequence>
            <sequence key="init_sequence"/>
            <sequence key="delete_student_sequence"/>
        </inSequence>
        <outSequence/>
        <faultSequence/>
    </resource>
</api>
