{
  "$schema" : "http://wso2.org/json-schema/wso2-data-mapper-v5.0.0/schema#",
  "outputType" : "XML",
  "id" : "http://wso2jsonschema.org",
  "title" : "values",
  "type" : "object",
  "properties" : {
    "sObject" : {
      "id" : "http://wso2jsonschema.org/sObject",
      "type" : "array",
      "items" : [ {
        "id" : "http://wso2jsonschema.org/sObject/0",
        "type" : "object",
        "properties" : {
          "description" : {
            "id" : "http://wso2jsonschema.org/sObject/0/description",
            "type" : "string"
          },
          "name" : {
            "id" : "http://wso2jsonschema.org/sObject/0/name",
            "type" : "string"
          }
        }
      } ]
    }
  }
}