{
  "name" : "APIM THROTTLED API SUMMARY",
  "id" : "APIMApiThrottledSummary",
  "thumbnailURL" : "",
  "configs" : {
    "pubsub" : {
      "types" : ["subscriber"]
    },
    "providerConfig" : {
      "configs": {
        "type": "SiddhiStoreDataProvider",
        "config": {
          "siddhiApp": "@App:name('APIMTopThrottledOutApisSiddhi') define stream ThrottledOutStream(meta_clientType string,username string,userTenantDomain string,apiName string,apiVersion string,apiContext string,apiCreator string,apiCreatorTenantDomain string,applicationId string,applicationName string,subscriber string,throttledOutReason string,gatewayType string,throttledOutTimestamp long,hostname string); @store(type='rdbms', datasource='APIM_ANALYTICS_DB') @purge(enable='true', interval='60 min', @retentionPeriod(sec='1 day', min='72 hours', hours='90 days', days='1 year', months='2 years', years='3 years')) @persistedAggregation(enable='true', is.read.only='true') define aggregation ApiThrottledOutAgg from ThrottledOutStream select apiName,apiVersion,apiContext,apiCreator,apiCreatorTenantDomain,username,userTenantDomain,applicationId,applicationName,subscriber,count() as throttledOutCount,throttledOutReason,gatewayType,hostname,'default' as regionalID group by apiContext,applicationId,throttledOutReason,hostname aggregate by throttledOutTimestamp every seconds...year;",
          "queryData": {
            "query": "from ApiThrottledOutAgg on apiCreatorTenantDomain=='{{tenantDomain}}' within {{from}}L, {{to}}L per \"{{per}}s\" select sum(throttledOutCount) as ThrottledCount;"
          },
          "publishingInterval": 360000
        }
      }
    },
    "options": [
      {
        "id" : "header",
        "title" : "Header",
        "type" : {
          "name" : "BOOLEAN",
          "possibleValues" : [
            true,
            false
          ]
        },
        "defaultValue": false
      },
      {
        "id": "headerTitle",
        "title": "Widget Title",
        "type": {
          "name": "TEXT"
        },
        "defaultValue": "API Throttle Summary"
      },
      {
        "id": "drillDown",
        "title": "Error Page",
        "type": {
          "name": "TEXT"
        },
        "defaultValue": "error"
      }
    ]
  }
}
