<?xml version="1.0" encoding="UTF-8"?>
<sequence name="sendMessage" trace="disable" xmlns="http://ws.apache.org/ns/synapse">
    <amazonsqs.init>
        <accessKeyId>AKIAJRM3ROHOPXQ4V6QA</accessKeyId>
        <secretAccessKey>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</secretAccessKey>
        <version>2009-02-01</version>
        <region>us-east-2</region>
    </amazonsqs.init>
    <amazonsqs.sendMessage>
        <queueId>{$ctx:queueId}</queueId>
        <queueName>{$ctx:queueName}</queueName>
        <messageBody>{$ctx:target_property}</messageBody>
    </amazonsqs.sendMessage>
</sequence>
