<?xml version="1.0" encoding="UTF-8"?>
<api context="/jira" name="jiraAPI" xmlns="http://ws.apache.org/ns/synapse">
    <resource methods="POST" uri-template="/createIssue">
        <inSequence>
            <jira.init>
                <uri>https://***/jira</uri>
                <username>****</username>
                <password>****</password>
            </jira.init>
            <jira.createIssue>
                <issueFields>{$ctx:issueFields}</issueFields>
            </jira.createIssue>
            <respond/>
        </inSequence>
        <outSequence/>
        <faultSequence/>
    </resource>
    <resource methods="POST" uri-template="/getIssue">
        <inSequence>
            <jira.init>
                <uri>https://***/jira</uri>
                <username>****</username>
                <password>****</password>
            </jira.init>
            <jira.getIssue>
                <issueIdOrKey>{$ctx:id}</issueIdOrKey>
            </jira.getIssue>
            <respond/>
        </inSequence>
        <outSequence/>
        <faultSequence/>
    </resource>
</api>
