<?xml version="1.0" encoding="UTF-8"?>
<inboundEndpoint class="org.wso2.carbon.inbound.iso8583.listening.ISO8583MessageConsumer" name="custom_listener" onError="fault" sequence="requestISO" suspend="false" xmlns="http://ws.apache.org/ns/synapse">
    <parameters>
        <parameter name="inbound.behavior">listening</parameter>
        <parameter name="sequential">true</parameter>
        <parameter name="coordination">true</parameter>
        <parameter name="port">5000</parameter>
        <parameter name="headerLength">2</parameter>
        <parameter name="isProxy">false</parameter>
        <parameter name="interval">1000</parameter>
        <parameter name="class">org.wso2.carbon.inbound.iso8583.listening.ISO8583MessageConsumer</parameter>
        <parameter name="corePoolSize">50</parameter>
        <parameter name="maximumPoolSize">100</parameter>
    </parameters>
</inboundEndpoint>
