<?xml version="1.0" encoding="UTF-8"?>
<api context="/salesforce" name="Salesforcebulk-API" xmlns="http://ws.apache.org/ns/synapse">
    <resource methods="POST" url-mapping="/insertEmployeeBulkRecords">
        <inSequence>
            <property expression="//object/text()" name="objectName" scope="default" type="STRING"/>
            <property expression="//source/text()" name="source" scope="default" type="STRING"/>
            <salesforcebulk.init>
                <apiUrl>https://ap17.salesforce.com</apiUrl>
                <accessToken>00D2x000000pIxA!AR0AQJxgll8UgZqaocCP_U516yo.bpzV19USOFzw4tFsvjbdE6x_ccIKrZgQXLQesOt_VX6FeuSrGq_VxyLdrjvryqh8EBas</accessToken>
                <apiVersion>34</apiVersion>
                <refreshToken>5Aep861Xq7VoDavIt5QG2vWIHGbv.B1Q.4rMXb9o3DFmhvbChN3tF24fOGHvUcOU2iMWSF06w5bWFjmHgu0bA5s</refreshToken>
                <clientSecret>37D9E930DEEB0BAF7842124352065F6DB2D90219D9DB06238978590665EDEFEC</clientSecret>
                <clientId>3MVG97quAmFZJfVyr_k_q7IC1iEc71lap9m4ayJWpUrkVe85mnF0GNjsIu2G4__FGC4NOzS.3o10Eh_H81xX8</clientId>
            </salesforcebulk.init>
            <salesforcebulk.createJob>
                <operation>insert</operation>
                <object>{$ctx:objectName}</object>
                <contentType>XML</contentType>
            </salesforcebulk.createJob>
            <property expression="//n0:jobInfo/n0:id" name="jobId" scope="default" type="STRING" xmlns:n0="http://www.force.com/2009/06/asyncapi/dataload"/>
            <fileconnector.read>
                <source>{$ctx:source}</source>
                <contentType>text/plain</contentType>
                <filePattern>.*.csv</filePattern>
            </fileconnector.read>
            <datamapper config="gov:datamapper/NewConfig.dmc" inputSchema="gov:datamapper/NewConfig_inputSchema.json" inputType="XML" outputSchema="gov:datamapper/NewConfig_outputSchema.json" outputType="XML" xsltStyleSheet="gov:datamapper/NewConfig_xsltStyleSheet.xml"/>
            <salesforcebulk.init>
                <apiUrl>https://ap17.salesforce.com</apiUrl>
                <accessToken>00D2x000000pIxA!AR0AQJxgll8UgZqaocCP_U516yo.bpzV19USOFzw4tFsvjbdE6x_ccIKrZgQXLQesOt_VX6FeuSrGq_VxyLdrjvryqh8EBas</accessToken>
                <apiVersion>34</apiVersion>
                <refreshToken>5Aep861Xq7VoDavIt5QG2vWIHGbv.B1Q.4rMXb9o3DFmhvbChN3tF24fOGHvUcOU2iMWSF06w5bWFjmHgu0bA5s</refreshToken>
                <clientSecret>37D9E930DEEB0BAF7842124352065F6DB2D90219D9DB06238978590665EDEFEC</clientSecret>
                <clientId>3MVG97quAmFZJfVyr_k_q7IC1iEc71lap9m4ayJWpUrkVe85mnF0GNjsIu2G4__FGC4NOzS.3o10Eh_H81xX8</clientId>
            </salesforcebulk.init>
            <salesforcebulk.addBatch>
                <objects>{//values}</objects>
                <jobId>{$ctx:jobId}</jobId>
                <isQuery>false</isQuery>
                <contentType>application/xml</contentType>
            </salesforcebulk.addBatch>
            <respond/>
        </inSequence>
        <outSequence/>
        <faultSequence/>
    </resource>
    <resource methods="POST" url-mapping="/getStatusOfBatch">
        <inSequence>
            <property expression="//jobId/text()" name="jobId" scope="default" type="STRING"/>
            <property expression="//batchId/text()" name="batchId" scope="default" type="STRING"/>
            <salesforcebulk.init>
                <apiUrl>https://ap17.salesforce.com</apiUrl>
                <accessToken>00D2x000000pIxA!AR0AQJxgll8UgZqaocCP_U516yo.bpzV19USOFzw4tFsvjbdE6x_ccIKrZgQXLQesOt_VX6FeuSrGq_VxyLdrjvryqh8EBas</accessToken>
                <apiVersion>34</apiVersion>
                <refreshToken>5Aep861Xq7VoDavIt5QG2vWIHGbv.B1Q.4rMXb9o3DFmhvbChN3tF24fOGHvUcOU2iMWSF06w5bWFjmHgu0bA5s</refreshToken>
                <clientSecret>37D9E930DEEB0BAF7842124352065F6DB2D90219D9DB06238978590665EDEFEC</clientSecret>
                <clientId>3MVG97quAmFZJfVyr_k_q7IC1iEc71lap9m4ayJWpUrkVe85mnF0GNjsIu2G4__FGC4NOzS.3o10Eh_H81xX8</clientId>
            </salesforcebulk.init>
            <salesforcebulk.getBatchStatus>
                <jobId>{$ctx:jobId}</jobId>
                <batchId>{$ctx:batchId}</batchId>
            </salesforcebulk.getBatchStatus>
            <respond/>
        </inSequence>
        <outSequence/>
        <faultSequence/>
    </resource>
</api>
