<?xml version="1.0" encoding="UTF-8"?><artifacts>
    <artifact name="ServiceNowAPI" groupId="com.example.ServiceNowConnector.api" version="1.0.0" type="synapse/api" serverRole="EnterpriseServiceBus">
        <file>src/main/synapse-config/api/ServiceNowAPI.xml</file>
    </artifact>
    <artifact name="getAggregateRecord" groupId="com.example.ServiceNowConnector.proxy-service" version="1.0.0" type="synapse/proxy-service" serverRole="EnterpriseServiceBus">
        <file>src/main/synapse-config/proxy-services/getAggregateRecord.xml</file>
    </artifact>
    <artifact name="PostRecord" groupId="com.example.ServiceNowConnector.sequence" version="1.0.0" type="synapse/sequence" serverRole="EnterpriseServiceBus">
        <file>src/main/synapse-config/sequences/PostRecord.xml</file>
    </artifact>
    <artifact name="UpdateRecord" groupId="com.example.ServiceNowConnector.sequence" version="1.0.0" type="synapse/sequence" serverRole="EnterpriseServiceBus">
        <file>src/main/synapse-config/sequences/UpdateRecord.xml</file>
    </artifact>
    <artifact name="ReadRecord" groupId="com.example.ServiceNowConnector.sequence" version="1.0.0" type="synapse/sequence" serverRole="EnterpriseServiceBus">
        <file>src/main/synapse-config/sequences/ReadRecord.xml</file>
    </artifact>
</artifacts>
