<?xml version="1.0" encoding="UTF-8"?>
<localEntry key="SALESFORCEREST_CONNECTION_1" xmlns="http://ws.apache.org/ns/synapse">
    <salesforcerest.init>
        <hostName>https://login.salesforce.com</hostName>
        <connectionType>init</connectionType>
        <timeout>3000</timeout>
        <apiVersion>v59.0</apiVersion>
        <apiUrl>https://xxxx.salesforce.com</apiUrl>
        <clientSecret>xxxx</clientSecret>
        <clientId>xxxx</clientId>
        <name>SALESFORCEREST_CONNECTION_1</name>
        <refreshToken>xxxx</refreshToken>
    </salesforcerest.init>
</localEntry>
