<?xml version="1.0" encoding="UTF-8"?>
<api context="/order" name="OrderProcessApi" xmlns="http://ws.apache.org/ns/synapse">
    <resource methods="POST">
        <inSequence>
            <payloadFactory description="order placement payload" media-type="json">
                <format>{
	"orderDetails":$1,
	"orderID":"1a23456",
	"price":25.65,
	"status":"successful"
}</format>
                <args>
                    <arg evaluator="json" expression="$"/>
                </args>
            </payloadFactory>
            <log description="order result log" level="full"/>
            <respond description="respond with order placement details"/>
        </inSequence>
        <outSequence/>
        <faultSequence/>
    </resource>
</api>
