<?xml version="1.0" encoding="UTF-8"?>
<api context="/salesforce" name="Salesforcebulk-API" xmlns="http://ws.apache.org/ns/synapse">
    <resource methods="POST" url-mapping="/insertEmployeeBulkRecords">
        <inSequence>
            <property expression="//object/text()" name="objectName" scope="default" type="STRING"/>
            <property expression="//source/text()" name="source" scope="default" type="STRING"/>
            <salesforcebulk.init>
                <apiUrl>https://ap17.salesforce.com</apiUrl>
                <accessToken><!-- access token --></accessToken>
                <apiVersion>34</apiVersion>
                <refreshToken><!-- refresh token --></refreshToken>
                <clientSecret><!-- client secret --></clientSecret>
                <clientId><!-- client id --></clientId>
            </salesforcebulk.init>
            <salesforcebulk.createJob>
                <operation>insert</operation>
                <object>{$ctx:objectName}</object>
                <contentType>XML</contentType>
            </salesforcebulk.createJob>
            <property expression="//n0:jobInfo/n0:id" name="jobId" scope="default" type="STRING" xmlns:n0="http://www.force.com/2009/06/asyncapi/dataload"/>
            <fileconnector.read>
                <source>{$ctx:source}</source>
                <contentType>text/plain</contentType>
                <filePattern>.*.csv</filePattern>
            </fileconnector.read>
            <datamapper config="gov:datamapper/NewConfig.dmc" inputSchema="gov:datamapper/NewConfig_inputSchema.json" inputType="XML" outputSchema="gov:datamapper/NewConfig_outputSchema.json" outputType="XML" xsltStyleSheet="gov:datamapper/NewConfig_xsltStyleSheet.xml"/>
            <salesforcebulk.init>
                <apiUrl>https://ap17.salesforce.com</apiUrl>
                <accessToken><!-- access token --></accessToken>
                <apiVersion>34</apiVersion>
                <refreshToken><!-- refresh token --></refreshToken>
                <clientSecret><!-- client secret --></clientSecret>
                <clientId><!-- client id --></clientId>
            </salesforcebulk.init>
            <salesforcebulk.addBatch>
                <objects>{//values}</objects>
                <jobId>{$ctx:jobId}</jobId>
                <isQuery>false</isQuery>
                <contentType>application/xml</contentType>
            </salesforcebulk.addBatch>
            <respond/>
        </inSequence>
        <outSequence/>
        <faultSequence/>
    </resource>
    <resource methods="POST" url-mapping="/getStatusOfBatch">
        <inSequence>
            <property expression="//jobId/text()" name="jobId" scope="default" type="STRING"/>
            <property expression="//batchId/text()" name="batchId" scope="default" type="STRING"/>
            <salesforcebulk.init>
                <apiUrl>https://ap17.salesforce.com</apiUrl>
                <accessToken><!-- access token --></accessToken>
                <apiVersion>34</apiVersion>
                <refreshToken><!-- refresh token --></refreshToken>
                <clientSecret><!-- client secret --></clientSecret>
                <clientId><!-- client id --></clientId>
            </salesforcebulk.init>
            <salesforcebulk.getBatchStatus>
                <jobId>{$ctx:jobId}</jobId>
                <batchId>{$ctx:batchId}</batchId>
            </salesforcebulk.getBatchStatus>
            <respond/>
        </inSequence>
        <outSequence/>
        <faultSequence/>
    </resource>
</api>
