<?xml version="1.0" encoding="UTF-8" standalone="no"?>
<localEntry xmlns="http://ws.apache.org/ns/synapse" key="KAFKA_CONNECTION_1">
    <kafkaTransport.init>
        <name>KAFKA_CONNECTION_1</name>
        <valueSerializerClass>org.apache.kafka.common.serialization.StringSerializer</valueSerializerClass>
        <connectionType>kafka</connectionType>
        <keySerializerClass>org.apache.kafka.common.serialization.StringSerializer</keySerializerClass>
        <bootstrapServers>localhost:9092</bootstrapServers>
        <poolingEnabled>false</poolingEnabled>
    </kafkaTransport.init>
</localEntry>
