{
  "name": "TOP ERROR SUMMARY",
  "id": "ErrorByAppAndAPI",
  "thumbnailURL": "",
  "configs": {
    "pubsub": {
      "types": ["subscriber", "publisher"],
      "publisherWidgetOutputs": ["viewType", "errorType", "selected"]
    },
    "providerConfig" : {
      "configs": {
        "type": "SiddhiStoreDataProvider",
        "config": {
          "siddhiApp": "@App:name('APIM_ERROR_SUMMARY')\ndefine stream ErrorSummaryStream (apiName string, apiVersion string, apiResourceTemplate string, apiMethod string, apiCreator string,\napiCreatorTenantDomain string, applicationId string, applicationName string, applicationOwner string, responseCode int,\n_2xx int, _4xx int, _5xx int, responseCount int, faultCount int, throttledCount int, timestamp long);\n@store(type = 'rdbms', datasource = 'APIM_ANALYTICS_DB',field.length = \"apiMethod:40\")\ndefine aggregation ApiErrorAnalysisAgg\nfrom ErrorSummaryStream\nselect apiName, apiVersion, apiMethod, apiResourceTemplate, applicationName, applicationOwner, responseCode, sum(_2xx) as _2xx, sum(_4xx) as _4xx,\nsum(_5xx) as _5xx, sum(responseCount) as responseCount, sum(faultCount) as faultCount, sum(throttledCount) as throttledCount,\napiCreator, apiCreatorTenantDomain\ngroup by apiName, apiVersion, responseCode, apiResourceTemplate, applicationId\naggregate by timestamp every seconds...years;",
          "queryData": {
            "errorQuery": "from ApiErrorAnalysisAgg on (apiCreatorTenantDomain=='{{tenantDomain}}' {{querystring}}) within {{from}}L, {{to}}L per \"{{per}}s\" select {{selectPhase}} group by {{groupByPhase}} {{orderBy}} limit {{limit}};",
            "totalErrorQuery": "from ApiErrorAnalysisAgg on apiCreatorTenantDomain=='{{tenantDomain}}' within {{from}}L, {{to}}L per \"{{per}}s\" select {{selectPhase}};"
          },
          "publishingInterval": 360000
        }
      }
    },
    "options": [
      {
        "id": "header",
        "title": "Header",
        "type": {
          "name": "BOOLEAN",
          "possibleValues": [
            true,
            false
          ]
        },
        "defaultValue": true
      },
      {
        "id": "headerTitle",
        "title": "Widget Title",
        "type": {
          "name": "TEXT"
        },
        "defaultValue": "TOP ERROR SUMMARY"
      }
    ]
  }
}
