<?xml version="1.0" encoding="UTF-8"?><artifacts>
    <artifact name="EmailConnector" groupId="org.wso2.api" version="1.0.0" type="synapse/api" serverRole="EnterpriseServiceBus">
        <file>src/main/synapse-config/api/EmailConnector.xml</file>
    </artifact>
    <artifact name="smtpsconnection" groupId="org.wso2.local-entry" version="1.0.0" type="synapse/local-entry" serverRole="EnterpriseServiceBus">
        <file>src/main/synapse-config/local-entries/smtpsconnection.xml</file>
    </artifact>
    <artifact name="imapsconnection" groupId="org.wso2.local-entry" version="1.0.0" type="synapse/local-entry" serverRole="EnterpriseServiceBus">
        <file>src/main/synapse-config/local-entries/imapsconnection.xml</file>
    </artifact>
</artifacts>
