{
  "$schema": "http://wso2.org/json-schema/wso2-data-mapper-v5.0.0/schema#",
  "id": "http://wso2jsonschema.org",
  "type": "object",
  "title": "root",
  "properties": {
    "xRefCode": {
      "id": "http://wso2jsonschema.org/xRefCode",
      "type": "string",
    },
    "isValidateOnly": {
      "id": "http://wso2jsonschema.org/isValidateOnly",
      "type": "boolean"
    },
    "fieldAndValue": {
      "id": "http://wso2jsonschema.org/fieldAndValue",
      "type": "object",
      "properties" : {
        "OnboardingPolicy" : {
          "id" : "http://wso2jsonschema.org/OnboardingPolicy",
          "nullable":"true", "type" : "object",
          "properties" : {
            "XRefCode" : {
              "id" : "http://wso2jsonschema.org/OnboardingPolicy/XRefCode",
              "nullable":"true", "type" : "string"
            },
            "ShortName" : {
              "id" : "http://wso2jsonschema.org/OnboardingPolicy/ShortName",
              "nullable":"true", "type" : "string"
            },
            "LongName" : {
              "id" : "http://wso2jsonschema.org/OnboardingPolicy/LongName",
              "nullable":"true", "type" : "string"
            },
            "LastModifiedTimestamp" : {
              "id" : "http://wso2jsonschema.org/OnboardingPolicy/LastModifiedTimestamp",
              "nullable":"true", "type" : "string"
            }
          }
        },
        "EffectiveStart" : {
          "id" : "http://wso2jsonschema.org/EffectiveStart",
          "nullable":"true", "type" : "string"
        },
        "EffectiveEnd" : {
          "id" : "http://wso2jsonschema.org/EffectiveEnd",
          "nullable":"true", "type" : "string"
        },
        "IsInternalHire" : {
          "id" : "http://wso2jsonschema.org/IsInternalHire",
          "nullable":"true", "type" : "boolean"
        },
        "LastModifiedTimestamp" : {
          "id" : "http://wso2jsonschema.org/LastModifiedTimestamp",
          "nullable":"true", "type" : "string"
        }
      }
    }
  }
}