{
  "name": "APIM ALERT SUMMARY BY APIs",
  "id": "APIMAlertSummaryByAPIs",
  "thumbnailURL": "",
  "configs": {
    "pubsub": {
      "types": ["publisher"],
      "publisherWidgetOutputs": ["selectedApi"]
    },
    "providerConfig" : {
      "configs": {
        "type": "SiddhiStoreDataProvider",
        "config": {
          "siddhiApp": "@App:name('APIM_alert_SUMMARY')\n@store(type='rdbms' , datasource= 'AM_DB')\ndefine table AM_API(API_ID int,API_PROVIDER string,API_NAME string,API_VERSION string,CONTEXT string,CONTEXT_TEMPLATE string,API_TIER string,CREATED_BY string,CREATED_TIME string,UPDATED_BY string,UPDATED_TIME string);\n@store(type = 'rdbms', datasource = 'APIM_ANALYTICS_DB', field.length = 'message:3000')\ndefine table ApimAllAlert (type string, tenantDomain string, message string, severity int, alertTimestamp long, apiName string);",
          "queryData": {
            "query": "from ApimAllAlert on tenantDomain=='{{tenantDomain}}' AND alertTimestamp >= {{timeFrom}}L AND alertTimestamp <= {{timeTo}}L select apiName, count() as count group by apiName order by count desc limit {{limit}}"
          },
          "publishingInterval": 360000
        }
      }
    },
    "options": [
      {
        "id": "header",
        "title": "Header",
        "type": {
          "name": "BOOLEAN",
          "possibleValues": [
            true,
            false
          ]
        },
        "defaultValue": true
      },
      {
        "id": "headerTitle",
        "title": "Widget Title",
        "type": {
          "name": "TEXT"
        },
        "defaultValue": "Top API by Alerts"
      }
    ]
  }
}
