<?xml version="1.0" encoding="UTF-8"?><artifacts>
    <artifact name="SnowflakeConnectorApi" groupId="com.example.api" version="1.0.0" type="synapse/api" serverRole="EnterpriseServiceBus">
        <file>src/main/synapse-config/api/SnowflakeConnectorApi.xml</file>
    </artifact>
    <artifact name="SnowflakeConnectorApi_swagger" groupId="com.example.metadata" version="1.0.0" type="synapse/metadata" serverRole="EnterpriseServiceBus">
        <file>src/main/resources/metadata/SnowflakeConnectorApi_swagger.yaml</file>
    </artifact>
    <artifact name="SnowflakeConnectorApi_metadata" groupId="com.example.metadata" version="1.0.0" type="synapse/metadata" serverRole="EnterpriseServiceBus">
        <file>src/main/resources/metadata/SnowflakeConnectorApi_metadata.yaml</file>
    </artifact>
    <artifact name="SNOWFLAKE_CONNECTION" groupId="com.example.local-entry" version="1.0.0" type="synapse/local-entry" serverRole="EnterpriseServiceBus">
        <file>/src/main/synapse-config/local-entries/SNOWFLAKE_CONNECTION.xml</file>
    </artifact>
</artifacts>
