<?xml version="1.0" encoding="UTF-8"?><artifacts>
    <artifact name="MSAzureStorageTestAPI" groupId="com.example.api" version="1.0.0" type="synapse/api" serverRole="EnterpriseServiceBus">
        <file>src/main/synapse-config/api/MSAzureStorageTestAPI.xml</file>
    </artifact>
    <artifact name="MSAzureStorageTestAPI_swagger" groupId="com.example.metadata" version="1.0.0" type="synapse/metadata" serverRole="EnterpriseServiceBus">
        <file>src/main/resources/metadata/MSAzureStorageTestAPI_swagger.yaml</file>
    </artifact>
    <artifact name="MSAzureStorageTestAPI_metadata" groupId="com.example.metadata" version="1.0.0" type="synapse/metadata" serverRole="EnterpriseServiceBus">
        <file>src/main/resources/metadata/MSAzureStorageTestAPI_metadata.yaml</file>
    </artifact>
    <artifact name="AZURE_CONNECTION" groupId="com.example.local-entry" version="1.0.0" type="synapse/local-entry" serverRole="EnterpriseServiceBus">
        <file>/src/main/synapse-config/local-entries/AZURE_CONNECTION.xml</file>
    </artifact>
</artifacts>
