<?xml version="1.0" encoding="UTF-8"?><artifacts>
    <artifact name="SMPP" groupId="com.example.smpp-inbound-endpoint.inbound-endpoint" version="1.0.0" type="synapse/inbound-endpoint" serverRole="EnterpriseServiceBus">
        <file>src/main/synapse-config/inbound-endpoints/SMPP.xml</file>
    </artifact>
    <artifact name="request" groupId="com.example.smpp-inbound-endpoint.sequence" version="1.0.0" type="synapse/sequence" serverRole="EnterpriseServiceBus">
        <file>src/main/synapse-config/sequences/request.xml</file>
    </artifact>
</artifacts>
