<?xml version="1.0" encoding="UTF-8"?>
<api context="/resources" name="pubsubApi" xmlns="http://ws.apache.org/ns/synapse">
    <resource methods="POST" url-mapping="/createTopic">
        <inSequence>
            <property expression="json-eval($.topicName)" name="topicName" scope="default" type="STRING"/>
            <property expression="json-eval($.subscriptionName)" name="subscriptionName" scope="default" type="STRING"/>
            <googlepubsub.init>
                <accessToken>ya29.a0AfH6SMAnQan0PYnj2gPXEU1MaRizWaIlnEq5MtOK7TyrazOzI1Mf32WsN5U06hL6pOsr_iYDAx4V3F7o_NMMcqfRfRaZkxwugnGri-zYbMCoJs2pAiREGpWqNGZl4l2xhRJFtlzS2R3xz8lrc9Wv8B4vaTnYmh1nHmk</accessToken>
                <apiUrl>https://pubsub.googleapis.com</apiUrl>
                <apiVersion>v1</apiVersion>
            </googlepubsub.init>
            <googlepubsub.createTopic>
                <projectId>ei-connector-improvement</projectId>
                <topicName>{$ctx:topicName}</topicName>
            </googlepubsub.createTopic>
            <property expression="json-eval($.name)" name="nameforsubscription" scope="default" type="STRING"/>
            <property expression="fn:tokenize($ctx:nameforsubscription,'/')[last()]" name="test" scope="default" type="STRING" xmlns:fn="http://www.w3.org/2005/xpath-functions"/>
            <googlepubsub.init>
                <accessToken>ya29.a0AfH6SMAnQan0PYnj2gPXEU1MaRizWaIlnEq5MtOK7TyrazOzI1Mf32WsN5U06hL6pOsr_iYDAx4V3F7o_NMMcqfRfRaZkxwugnGri-zYbMCoJs2pAiREGpWqNGZl4l2xhRJFtlzS2R3xz8lrc9Wv8B4vaTnYmh1nHmk</accessToken>
                <apiUrl>https://pubsub.googleapis.com</apiUrl>
                <apiVersion>v1</apiVersion>
            </googlepubsub.init>
            <googlepubsub.createTopicSubscription>
                <projectId>ei-connector-improvement</projectId>
                <subscriptionName>{$ctx:subscriptionName}</subscriptionName>
                <topicName>{$ctx:test}</topicName>
                <ackDeadlineSeconds>30</ackDeadlineSeconds>
            </googlepubsub.createTopicSubscription>
            <respond/>
        </inSequence>
        <outSequence/>
        <faultSequence/>
    </resource>
    <resource methods="POST" url-mapping="/insertcompanynotifications">
        <inSequence>
            <property expression="json-eval($.topicName)" name="topicName" scope="default" type="STRING"/>
            <property expression="json-eval($.data)" name="data" scope="default" type="STRING"/>
            <googlepubsub.init>
                <accessToken>ya29.a0AfH6SMAnQan0PYnj2gPXEU1MaRizWaIlnEq5MtOK7TyrazOzI1Mf32WsN5U06hL6pOsr_iYDAx4V3F7o_NMMcqfRfRaZkxwugnGri-zYbMCoJs2pAiREGpWqNGZl4l2xhRJFtlzS2R3xz8lrc9Wv8B4vaTnYmh1nHmk</accessToken>
                <apiUrl>https://pubsub.googleapis.com</apiUrl>
                <apiVersion>v1</apiVersion>
            </googlepubsub.init>
            <googlepubsub.publishMessage>
                <projectId>ei-connector-improvement</projectId>
                <topicName>{$ctx:topicName}</topicName>
                <data>{$ctx:data}</data>
            </googlepubsub.publishMessage>
            <respond/>
        </inSequence>
        <outSequence/>
        <faultSequence/>
    </resource>
    <resource methods="POST" url-mapping="/getcompanynotifictions">
        <inSequence>
            <property expression="json-eval($.subscriptionName)" name="subscriptionName" scope="default" type="STRING"/>
            <googlepubsub.init>
                <accessToken>ya29.a0AfH6SMAnQan0PYnj2gPXEU1MaRizWaIlnEq5MtOK7TyrazOzI1Mf32WsN5U06hL6pOsr_iYDAx4V3F7o_NMMcqfRfRaZkxwugnGri-zYbMCoJs2pAiREGpWqNGZl4l2xhRJFtlzS2R3xz8lrc9Wv8B4vaTnYmh1nHmk</accessToken>
                <apiUrl>https://pubsub.googleapis.com</apiUrl>
                <apiVersion>v1</apiVersion>
            </googlepubsub.init>
            <googlepubsub.pullMessage>
                <projectId>ei-connector-improvement</projectId>
                <subscriptionName>{$ctx:subscriptionName}</subscriptionName>
                <maxMessages>2</maxMessages>
                <returnImmediately>false</returnImmediately>
            </googlepubsub.pullMessage>
            <respond/>
        </inSequence>
        <outSequence/>
        <faultSequence/>
    </resource>
</api>
