<?xml version="1.0" encoding="UTF-8"?>
<sequence name="request" onError="fault" trace="disable" xmlns="http://ws.apache.org/ns/synapse">
    <log level="custom">
        <property expression="get-property('SMPP_MessageId')" name="MessageId" xmlns:ns="http://org.apache.synapse/xsd"/>
        <property expression="get-property('SMPP_SourceAddress')" name="SourceAddress" xmlns:ns="http://org.apache.synapse/xsd"/>
        <property expression="get-property('SMPP_DataCoding')" name="DataCoding" xmlns:ns="http://org.apache.synapse/xsd"/>
        <property expression="get-property('SMPP_ScheduleDeliveryTime')" name="ScheduleDeliveryTime" xmlns:ns="http://org.apache.synapse/xsd"/>
        <property expression="get-property('SMPP_SequenceNumber')" name="SequenceNumber" xmlns:ns="http://org.apache.synapse/xsd"/>
        <property expression="get-property('SMPP_ServiceType')" name="ServiceType" xmlns:ns="http://org.apache.synapse/xsd"/>
    </log>
    <log level="full"/>
</sequence>
