<?xml version="1.0" encoding="UTF-8"?><artifacts>
    <artifact name="create.xml" groupId="com.example.SalesforceRest.sequence" version="1.0.0" type="synapse/sequence" serverRole="EnterpriseServiceBus">
        <file>src/main/synapse-config/sequences/create.xml.xml</file>
    </artifact>
    <artifact name="retrive.xml" groupId="com.example.SalesforceRest.sequence" version="1.0.0" type="synapse/sequence" serverRole="EnterpriseServiceBus">
        <file>src/main/synapse-config/sequences/retrive.xml.xml</file>
    </artifact>
    <artifact name="salesforcerest" groupId="com.example.SalesforceRest.api" version="1.0.0" type="synapse/api" serverRole="EnterpriseServiceBus">
        <file>src/main/synapse-config/api/salesforcerest.xml</file>
    </artifact>
</artifacts>
