<?xml version="1.0" encoding="UTF-8"?><artifacts>
    <artifact name="college_student_api" groupId="com.example.ldapConnector.api" version="1.0.0" type="synapse/api" serverRole="EnterpriseServiceBus">
        <file>src/main/synapse-config/api/college_student_api.xml</file>
    </artifact>
    <artifact name="add_student_sequence" groupId="com.example.ldapConnector.sequence" version="1.0.0" type="synapse/sequence" serverRole="EnterpriseServiceBus">
        <file>src/main/synapse-config/sequences/add_student_sequence.xml</file>
    </artifact>
    <artifact name="search_student_sequence" groupId="com.example.ldapConnector.sequence" version="1.0.0" type="synapse/sequence" serverRole="EnterpriseServiceBus">
        <file>src/main/synapse-config/sequences/search_student_sequence.xml</file>
    </artifact>
    <artifact name="delete_student_sequence" groupId="com.example.ldapConnector.sequence" version="1.0.0" type="synapse/sequence" serverRole="EnterpriseServiceBus">
        <file>src/main/synapse-config/sequences/delete_student_sequence.xml</file>
    </artifact>
    <artifact name="init_sequence" groupId="com.example.ldapConnector.sequence" version="1.0.0" type="synapse/sequence" serverRole="EnterpriseServiceBus">
        <file>src/main/synapse-config/sequences/init_sequence.xml</file>
    </artifact>
    <artifact name="update_student_sequence" groupId="com.example.ldapConnector.sequence" version="1.0.0" type="synapse/sequence" serverRole="EnterpriseServiceBus">
        <file>src/main/synapse-config/sequences/update_student_sequence.xml</file>
    </artifact>
</artifacts>
