{
  "$schema": "http://wso2.org/json-schema/wso2-data-mapper-v5.0.0/schema#",
  "outputType": "JSON",
  "id": "http://wso2jsonschema.org",
  "title": "root",
  "type": "array",
  "items": [
    {
      "properties": {
        "DocMgmtSecurityGroup": {
          "id": "http://wso2jsonschema.org/0/DocMgmtSecurityGroup",
          "nullable": "true",
          "type": "object",
          "properties": {
            "XRefCode": {
              "id": "http://wso2jsonschema.org/0/DocMgmtSecurityGroup/XRefCode",
              "nullable": "true",
              "type": "string"
            },
            "ShortName": {
              "id": "http://wso2jsonschema.org/0/DocMgmtSecurityGroup/ShortName",
              "nullable": "true",
              "type": "string"
            },
            "LongName": {
              "id": "http://wso2jsonschema.org/0/DocMgmtSecurityGroup/LongName",
              "nullable": "true",
              "type": "string"
            },
            "LastModifiedTimestamp": {
              "id": "http://wso2jsonschema.org/0/DocMgmtSecurityGroup/LastModifiedTimestamp",
              "nullable": "true",
              "type": "string"
            }
          }
        },
        "LastModifiedTimestamp": {
          "id": "http://wso2jsonschema.org/0/LastModifiedTimestamp",
          "nullable": "true",
          "type": "string"
        }
      },
      "id": "http://wso2jsonschema.org/0",
      "nullable": "true",
      "type": "object"
    }
  ]
}