<!--
  ~ Copyright (c) 2020, WSO2 Inc. (http://www.wso2.org) All Rights Reserved.
  ~
  ~ WSO2 Inc. licenses this file to you under the Apache License,
  ~ Version 2.0 (the "License"); you may not use this file except
  ~ in compliance with the License.
  ~ You may obtain a copy of the License at
  ~
  ~ http://www.apache.org/licenses/LICENSE-2.0
  ~
  ~ Unless required by applicable law or agreed to in writing,
  ~ software distributed under the License is distributed on an
  ~ "AS IS" BASIS, WITHOUT WARRANTIES OR CONDITIONS OF ANY
  ~ KIND, either express or implied. See the License for the
  ~ specific language governing permissions and limitations
  ~ under the License.
  -->
<template xmlns="http://ws.apache.org/ns/synapse" name="getTimeAwayFromWork">
    <parameter name="xRefCode"/>
    <parameter name="filterTAFWStartDate"/>
    <parameter name="filterTAFWEndDate"/>
    <parameter name="status"/>
    <sequence>
        <property value="application/json" name="accept" scope="transport"/>
        <property expression="fn:concat('Basic ',$ctx:ceridianDayForceAuthHeader)" name="Authorization"
                  scope="transport"/>
        <property name="uri.var.xRefCode" expression="$func:xRefCode"/>
        <property name="uri.var.filterTAFWStartDate" expression="$func:filterTAFWStartDate"/>
        <property name="uri.var.filterTAFWEndDate" expression="$func:filterTAFWEndDate"/>
        <property name="uri.var.status" expression="$func:status"/>
        <property name="Accept-Encoding" scope="transport" action="remove"/>
        <filter source="$ctx:dayforceRestBlocking" regex="true">
            <then>
                <call blocking="true">
                    <endpoint>
                        <http method="get"
                              uri-template="https://{+uri.var.clientNamespace}/{uri.var.apiVersion}/Employees/{+uri.var.xRefCode}/TimeAwayFromWork?filterTAFWStartDate={+uri.var.filterTAFWStartDate}&amp;filterTAFWEndDate={+uri.var.filterTAFWEndDate}&amp;status={+uri.var.status}">
                            <timeout>
                                <duration>{$ctx:timeout}</duration>
                                <responseAction>fault</responseAction>
                            </timeout>
                            <suspendOnFailure>
                                <initialDuration>-1</initialDuration>
                                <progressionFactor>-1</progressionFactor>
                                <maximumDuration>0</maximumDuration>
                            </suspendOnFailure>
                            <markForSuspension>
                                <retriesBeforeSuspension>0</retriesBeforeSuspension>
                            </markForSuspension>
                        </http>
                    </endpoint>
                </call>
            </then>
            <else>
                <call>
                    <endpoint>
                        <http method="get"
                              uri-template="https://{+uri.var.clientNamespace}/{uri.var.apiVersion}/Employees/{+uri.var.xRefCode}/TimeAwayFromWork?filterTAFWStartDate={+uri.var.filterTAFWStartDate}&amp;filterTAFWEndDate={+uri.var.filterTAFWEndDate}&amp;status={+uri.var.status}">
                            <timeout>
                                <duration>{$ctx:timeout}</duration>
                                <responseAction>fault</responseAction>
                            </timeout>
                            <suspendOnFailure>
                                <initialDuration>-1</initialDuration>
                                <progressionFactor>-1</progressionFactor>
                                <maximumDuration>0</maximumDuration>
                            </suspendOnFailure>
                            <markForSuspension>
                                <retriesBeforeSuspension>0</retriesBeforeSuspension>
                            </markForSuspension>
                        </http>
                    </endpoint>
                </call>
            </else>
        </filter>
    </sequence>
</template>