<!--
  ~ Copyright (c) 2020, WSO2 Inc. (http://www.wso2.org) All Rights Reserved.
  ~
  ~ WSO2 Inc. licenses this file to you under the Apache License,
  ~ Version 2.0 (the "License"); you may not use this file except
  ~ in compliance with the License.
  ~ You may obtain a copy of the License at
  ~
  ~ http://www.apache.org/licenses/LICENSE-2.0
  ~
  ~ Unless required by applicable law or agreed to in writing,
  ~ software distributed under the License is distributed on an
  ~ "AS IS" BASIS, WITHOUT WARRANTIES OR CONDITIONS OF ANY
  ~ KIND, either express or implied. See the License for the
  ~ specific language governing permissions and limitations
  ~ under the License.
  -->
<template xmlns="http://ws.apache.org/ns/synapse" name="getEmployees">

    <parameter name="employeeNumber"
               description="Employment identification number assigned to an employee. A partial value can be provided for a wider search."/>
    <parameter name="employmentStatusXRefCode"
               description="A case-sensitive field containing employment status values, which can be client-specific. Use a ContextDate value to search for employees with a given status as of a point in time. Otherwise, the search will use the current date and time."/>
    <parameter name="orgUnitXRefCode"
               description="A case-sensitive field that identifies a client's organizational units. Use this to search all levels of the employees’ organization including department, location, region, corporate, etc. Use a ContextDate value to search for employees with a specific value as of a point in time. Otherwise, the search will use the current date and time."/>
    <parameter name="filterHireStartDate"
               description="Use to search for employees whose most recent hire date is greater than or equal to the specified value (e.g. 2017-01-01T13:24:56). Use with filterHireEndDate to search for employees hired or rehired in a given timeframe."/>
    <parameter name="filterHireEndDate"
               description="This date is used to search for employees whose most recent hire date is less than or equal to the specified value. Typically this parameter is used in conjunction with FilterHireStartDate to search for employees hired or rehired in a given timeframe. Example: 2017-01-01T13:24:56"/>
    <parameter name="filterTerminationStartDate"
               description="This date is used to search for employees with termination date values greater than or equal to the specified value. Typically this parameter is used in conjunction with FilterTerminationStartDate to search for employees terminated in a given timeframe. Example: 2017-01-01T13:24:56"/>
    <parameter name="filterTerminationEndDate"
               description="This date is used to search for employees with termination date values less than or equal to the specified value. Typically this parameter is used in conjunction with filterTerminationStartDate to search for employees terminated in a given timeframe. Example: 2017-01-01T13:24:56"/>
    <parameter name="filterUpdatedStartDate"
               description="The beginning date used when searching for employees with updates (and newly effective records) in a specified timeframe. When a value is provided for this parameter, a filterUpdatedEndDate value must also be provided. Because this search is conducted across all entities in the HR data model regardless of whether the requesting user has access to them, it is possible that the query will return XRefCode of employees with changes in which the consuming application is not interested. Example: 2017-01-01T13:24:56"/>
    <parameter name="filterUpdatedEndDate"
               description="The end date used when searching for employees with updates (and newly effective records) in a specified timeframe. When a value is provided for this parameter, a filterUpdatedStartDate value must also be provided. Example: 2017-01-01T13:24:56"/>
    <parameter name="contextDate"
               description="The Context Date value is an “as-of” date used to determine which employee data to search when records have specific start and end dates. The service defaults to the current datetime if the requester does not specify a value. Example: 2017-01-01T13:24:56"/>
    <sequence>

        <property value="application/json" name="accept" scope="transport"/>
        <property expression="fn:concat('Basic ',$ctx:ceridianDayForceAuthHeader)" name="Authorization"
                  scope="transport"/>
        <property name="uri.var.optional_query_params" value=""/>
        <property name="Accept-Encoding" scope="transport" action="remove"/>

        <!-- Filter each optional query parameter and append to optional query parameters list if they are not empty-->
        <filter source="boolean($func:employeeNumber)" regex="true">
            <then>
                <property name="uri.var.optional_query_params"
                          expression="fn:concat($ctx:uri.var.optional_query_params,'employeeNumber=',$func:employeeNumber,'&amp;')"/>
            </then>
        </filter>
        <filter source="boolean($func:employmentStatusXRefCode)" regex="true">
            <then>
                <property name="uri.var.optional_query_params"
                          expression="fn:concat($ctx:uri.var.optional_query_params,'employmentStatusXRefCode=',$func:employmentStatusXRefCode,'&amp;')"/>
            </then>
        </filter>
        <filter source="boolean($func:orgUnitXRefCode)" regex="true">
            <then>
                <property name="uri.var.optional_query_params"
                          expression="fn:concat($ctx:uri.var.optional_query_params,'orgUnitXRefCode=',$func:orgUnitXRefCode,'&amp;')"/>
            </then>
        </filter>
        <filter source="boolean($func:filterHireStartDate)" regex="true">
            <then>
                <property name="uri.var.optional_query_params"
                          expression="fn:concat($ctx:uri.var.optional_query_params,'filterHireStartDate=',$func:filterHireStartDate,'&amp;')"/>
            </then>
        </filter>

        <filter source="boolean($func:filterHireEndDate)" regex="true">
            <then>
                <property name="uri.var.optional_query_params"
                          expression="fn:concat($ctx:uri.var.optional_query_params,'filterHireEndDate=',$func:filterHireEndDate,'&amp;')"/>
            </then>
        </filter>
        <filter source="boolean($func:filterTerminationStartDate)" regex="true">
            <then>
                <property name="uri.var.optional_query_params"
                          expression="fn:concat($ctx:uri.var.optional_query_params,'filterTerminationStartDate=',$func:filterTerminationStartDate,'&amp;')"/>
            </then>
        </filter>
        <filter source="boolean($func:filterTerminationEndDate)" regex="true">
            <then>
                <property name="uri.var.optional_query_params"
                          expression="fn:concat($ctx:uri.var.optional_query_params,'filterTerminationEndDate=',$func:filterTerminationEndDate,'&amp;')"/>
            </then>
        </filter>
        <filter source="boolean($func:filterUpdatedStartDate)" regex="true">
            <then>
                <property name="uri.var.optional_query_params"
                          expression="fn:concat($ctx:uri.var.optional_query_params,'filterUpdatedStartDate=',$func:filterUpdatedStartDate,'&amp;')"/>
            </then>
        </filter>
        <filter source="boolean($func:filterUpdatedEndDate)" regex="true">
            <then>
                <property name="uri.var.optional_query_params"
                          expression="fn:concat($ctx:uri.var.optional_query_params,'filterUpdatedEndDate=',$func:filterUpdatedEndDate,'&amp;')"/>
            </then>
        </filter>
        <filter source="boolean($func:contextDate)" regex="true">
            <then>
                <property name="uri.var.optional_query_params"
                          expression="fn:concat($ctx:uri.var.optional_query_params,'contextDate=',$func:contextDate,'&amp;')"/>
            </then>
        </filter>

        <!--Add ? and remove tailing &-->
        <filter source="boolean($ctx:uri.var.optional_query_params)" regex="true">
            <then>
                <property name="uri.var.optional_query_params"
                          expression="fn:concat('?',$ctx:uri.var.optional_query_params)"/>
                <property name="optional_query_params_length"
                          expression="fn:string-length($ctx:uri.var.optional_query_params)"/>
                <property name="uri.var.optional_query_params"
                          expression="fn:substring($ctx:uri.var.optional_query_params, 1, $ctx:optional_query_params_length -1 )"/>
            </then>
        </filter>
        <filter source="$ctx:dayforceRestBlocking" regex="true">
            <then>
                <call blocking="true">
                    <endpoint>
                        <http method="get"
                              uri-template="https://{+uri.var.clientNamespace}/{uri.var.apiVersion}/Employees{uri.var.optional_query_params}">
                            <timeout>
                                <duration>{$ctx:timeout}</duration>
                                <responseAction>fault</responseAction>
                            </timeout>
                            <suspendOnFailure>
                                <initialDuration>-1</initialDuration>
                                <progressionFactor>-1</progressionFactor>
                                <maximumDuration>0</maximumDuration>
                            </suspendOnFailure>
                            <markForSuspension>
                                <retriesBeforeSuspension>0</retriesBeforeSuspension>
                            </markForSuspension>
                        </http>
                    </endpoint>
                </call>
            </then>
            <else>
                <call>
                    <endpoint>
                        <http method="get"
                              uri-template="https://{+uri.var.clientNamespace}/{uri.var.apiVersion}/Employees{uri.var.optional_query_params}">
                            <timeout>
                                <duration>{$ctx:timeout}</duration>
                                <responseAction>fault</responseAction>
                            </timeout>
                            <suspendOnFailure>
                                <initialDuration>-1</initialDuration>
                                <progressionFactor>-1</progressionFactor>
                                <maximumDuration>0</maximumDuration>
                            </suspendOnFailure>
                            <markForSuspension>
                                <retriesBeforeSuspension>0</retriesBeforeSuspension>
                            </markForSuspension>
                        </http>
                    </endpoint>
                </call>
            </else>
        </filter>
    </sequence>
</template>