<?xml version="1.0" encoding="UTF-8"?><artifacts>
    <artifact name="Sequence" groupId="com.example.KafkaConnecotorTest1.sequence" version="1.0.0" type="synapse/sequence" serverRole="EnterpriseServiceBus">
        <file>src/main/synapse-config/sequences/Sequence.xml</file>
    </artifact>
    <artifact name="fault" groupId="com.example.KafkaConnecotorTest1.sequence" version="1.0.0" type="synapse/sequence" serverRole="EnterpriseServiceBus">
        <file>src/main/synapse-config/sequences/fault.xml</file>
    </artifact>
    <artifact name="request" groupId="com.example.KafkaConnecotorTest1.sequence" version="1.0.0" type="synapse/sequence" serverRole="EnterpriseServiceBus">
        <file>src/main/synapse-config/sequences/request.xml</file>
    </artifact>
    <artifact name="KAFKAListenerEP" groupId="com.example.KafkaConnecotorTest1.inbound-endpoint" version="1.0.0" type="synapse/inbound-endpoint" serverRole="EnterpriseServiceBus">
        <file>src/main/synapse-config/inbound-endpoints/KAFKAListenerEP.xml</file>
    </artifact>
    <artifact name="kafka_process_seq" groupId="com.example.KafkaConnecotorTest1.sequence" version="1.0.0" type="synapse/sequence" serverRole="EnterpriseServiceBus">
        <file>src/main/synapse-config/sequences/kafka_process_seq.xml</file>
    </artifact>
    <artifact name="KafkaTransport" groupId="com.example.KafkaConnecotorTest1.api" version="1.0.0" type="synapse/api" serverRole="EnterpriseServiceBus">
        <file>src/main/synapse-config/api/KafkaTransport.xml</file>
    </artifact>
</artifacts>
