<?xml version="1.0" encoding="UTF-8"?>
<api context="/servicenow" name="ServiceNowAPI" xmlns="http://ws.apache.org/ns/synapse">
    <resource methods="POST" uri-template="/postRecord">
        <inSequence>
            <property expression="json-eval($.shortDescription)" name="shortDescription" scope="default" type="STRING"/>
            <property expression="json-eval($.contactType)" name="contactType" scope="default" type="STRING"/>
            <sequence key="PostRecord"/>
            <respond/>
        </inSequence>
        <outSequence/>
        <faultSequence/>
    </resource>
    <resource methods="POST" uri-template="/readRecord">
        <inSequence>
            <property expression="json-eval($.sysId)" name="sysId" scope="default" type="STRING"/>
            <sequence key="ReadRecord"/>
            <respond/>
        </inSequence>
        <outSequence/>
        <faultSequence/>
    </resource>
</api>
