<?xml version="1.0" encoding="UTF-8"?><artifacts>
    <artifact name="pubsubApi" groupId="com.example.googlepubsub-connector-example.api" version="1.0.0" type="synapse/api" serverRole="EnterpriseServiceBus">
        <file>src/main/synapse-config/api/pubsubApi.xml</file>
    </artifact>
    <artifact name="testpull" groupId="com.example.googlepubsub-connector-example.api" version="1.0.0" type="synapse/api" serverRole="EnterpriseServiceBus">
        <file>src/main/synapse-config/api/testpull.xml</file>
    </artifact>
    <artifact name="CompanyUpdateAPI" groupId="com.example.googlepubsub-connector-example.api" version="1.0.0" type="synapse/api" serverRole="EnterpriseServiceBus">
        <file>src/main/synapse-config/api/CompanyUpdateAPI.xml</file>
    </artifact>
</artifacts>
