{
  "name": "APIM TOP THROTTLED OUT APIS",
  "id": "APIMTopThrottledOutApis",
  "thumbnailURL": "",
  "configs": {
    "pubsub": {
      "types": ["subscriber"]
    },
    "providerConfig" : {
      "configs": {
        "type": "SiddhiStoreDataProvider",
        "config": {
          "siddhiApp": "@App:name('APIMTopThrottledOutApisSiddhi') define stream ThrottledOutStream(meta_clientType string,username string,userTenantDomain string,apiName string,apiVersion string,apiContext string,apiCreator string,apiCreatorTenantDomain string,applicationId string,applicationName string,subscriber string,throttledOutReason string,gatewayType string,throttledOutTimestamp long,hostname string); @store(type='rdbms', datasource='APIM_ANALYTICS_DB') @purge(enable='false', interval='60 min', @retentionPeriod(sec='1 day', min='72 hours', hours='90 days', days='1 year', months='2 years', years='3 years')) define aggregation ApiThrottledOutAgg from ThrottledOutStream select apiName,apiVersion,apiContext,apiCreator,apiCreatorTenantDomain,username,userTenantDomain,applicationId,applicationName,subscriber,count() as throttledOutCount,throttledOutReason,gatewayType,hostname,'default' as regionalID group by apiContext,applicationId,throttledOutReason,hostname aggregate by throttledOutTimestamp every seconds...year;",
          "queryData": {
            "query": "from ApiThrottledOutAgg on apiCreatorTenantDomain=='{{tenantDomain}}' within {{from}}L, {{to}}L per \"{{per}}s\" select apiName,apiVersion,apiCreator,apiContext,sum(throttledOutCount) as ThrottledCount group by apiName,apiVersion,apiCreator,apiContext order by ThrottledCount desc limit {{limit}};"
          },
          "publishingInterval": 360000
        }
      }
    },
    "options": [
      {
        "id": "header",
        "title": "Header",
        "type": {
          "name": "BOOLEAN",
          "possibleValues": [
            true,
            false
          ]
        },
        "defaultValue": true
      },
      {
        "id": "headerTitle",
        "title": "Widget Title",
        "type": {
          "name": "TEXT"
        },
        "defaultValue": "Top Throttled Out APIs"
      },
      {
        "id": "drillDown",
        "title": "API Faults Page",
        "type": {
          "name": "TEXT"
        },
        "defaultValue": "api-faults"
      }
    ]

  }
}
