{
  "name": "APIM API VERSION Usage Summary",
  "id": "APIMApiVersionUsageSummary",
  "thumbnailURL": "",
  "configs": {
    "pubsub": {
      "types": ["subscriber"]
    },
    "providerConfig" : {
      "configs": {
        "type": "SiddhiStoreDataProvider",
        "config": {
          "siddhiApp": "@App:name('APIMApiVersionUsageSummarySiddhi') @primaryKey('API_ID') @store(type=\"rdbms\" , datasource=\"AM_DB\") define table AM_API(API_ID int,API_PROVIDER string,API_NAME string,API_VERSION string,CONTEXT string,CONTEXT_TEMPLATE string,API_TIER string,CREATED_BY string,CREATED_TIME string,UPDATED_BY string,UPDATED_TIME string); @primaryKey('SUBSCRIPTION_ID') @store(type=\"rdbms\" , datasource=\"AM_DB\") define table AM_SUBSCRIPTION(SUBSCRIPTION_ID int,TIER_ID string,API_ID int,LAST_ACCESSED string,APPLICATION_ID int,SUB_STATUS string,SUBS_CREATE_STATE string,CREATED_BY string,CREATED_TIME string,UPDATED_BY string,UPDATED_TIME string,UUID string); define stream MergedStream (apiName string, apiVersion string, apiContext string, apiCreator string, apiCreatorTenantDomain string, apiHostname string, applicationId string, applicationName string, quotaExceededValue int, requestTimestamp long, gatewayType string, label string, operatingSystem string, browser string, apiResourceTemplate string, apiMethod string, destination string, applicationOwner string, username string, userTenantDomain string, responseTime long, serviceTime long, backendTime long, securityLatency long, throttlingLatency long, requestMedLat long, responseMedLat long, backendLatency long, otherLatency long); @store(type = 'rdbms', datasource = 'APIM_ANALYTICS_DB',field.length = 'applicationId:40, apiHostname:200, apiMethod:20, regionalID:20, SHARD_ID:20, username:150, userTenantDomain:150, apiCreator:150, apiCreatorTenantDomain:150, operatingSystem:100, browser:100') @purge(enable='false', interval='60 min', @retentionPeriod(sec='1 hour', min='3 days', hours='90 days', days='1 year', months='10 years')) @persistedAggregation(enable='true', is.read.only='true') define aggregation MergedAggregation from MergedStream select apiName, apiVersion, apiContext, apiCreator, apiCreatorTenantDomain, apiHostname, applicationName, count() as totalRequestCount, sum(quotaExceededValue) as aboveQuotaCount, gatewayType, label, 'default' as regionalID, applicationId, apiResourceTemplate, apiMethod, destination, applicationOwner, username, userTenantDomain, operatingSystem, browser, sum(responseTime) as responseTime, sum(serviceTime) as serviceTime, sum(backendTime) as backendTime, sum(securityLatency) as securityLatency, sum(throttlingLatency) as throttlingLatency, sum(requestMedLat) as requestMedLat, sum(responseMedLat) as responseMedLat, sum(backendLatency) as backendLatency, sum(otherLatency) as otherLatency group by apiContext, apiHostname, applicationId, apiResourceTemplate, apiMethod, destination, username, userTenantDomain, apiCreator, apiCreatorTenantDomain, operatingSystem, browser aggregate by requestTimestamp every seconds...years;",
          "queryData": {
            "apiusagequery": "from MergedAggregation on apiCreatorTenantDomain=='{{tenantDomain}}' {{filterCondition}} within {{from}}L, {{to}}L per \"{{per}}s\" select apiName,apiVersion,apiCreator,sum(totalRequestCount) as RequestCount group by apiName,apiCreator,apiVersion order by RequestCount desc limit {{limit}};"
          },
          "publishingInterval": 360000
        }
      }
    },
    "options": [
      {
        "id": "header",
        "title": "Header",
        "type": {
          "name": "BOOLEAN",
          "possibleValues": [
            true,
            false
          ]
        },
        "defaultValue": true
      },
      {
        "id": "headerTitle",
        "title": "Widget Title",
        "type": {
          "name": "TEXT"
        },
        "defaultValue": "API Version Usage Summary"
      }
    ]
  }
}
