{"title":"API Analytics","description":"","widgets":[{"id":5455700219199651,"definition":{"title":"Overall API Usage","title_size":"16","title_align":"left","show_legend":true,"legend_layout":"auto","legend_columns":["avg","min","max","value","sum"],"type":"timeseries","requests":[{"formulas":[{"formula":"query1"}],"response_format":"timeseries","queries":[{"search":{"query":"@eventType:*"},"data_source":"logs","compute":{"aggregation":"count"},"name":"query1","indexes":["*"],"group_by":[{"facet":"@apiName","sort":{"aggregation":"count","order":"desc"},"limit":10}]}],"style":{"palette":"dog_classic","line_type":"solid","line_width":"normal"},"display_type":"area"}]},"layout":{"x":0,"y":0,"width":12,"height":5}},{"id":8411782507946324,"definition":{"title":"Top API Creators","title_size":"16","title_align":"left","requests":[{"formulas":[{"formula":"query1","limit":{"order":"desc"}}],"style":{"palette":"datadog16"},"response_format":"scalar","queries":[{"search":{"query":"@eventType:*"},"data_source":"logs","compute":{"aggregation":"count"},"name":"query1","indexes":["*"],"group_by":[{"facet":"@apiCreator","sort":{"aggregation":"count","order":"desc"},"limit":10}]}]}],"type":"sunburst","legend":{"type":"automatic"}},"layout":{"x":0,"y":5,"width":6,"height":5}},{"id":8844858760650494,"definition":{"title":"Top Application Creators","title_size":"16","title_align":"left","requests":[{"formulas":[{"formula":"query1","limit":{"order":"desc"}}],"style":{"palette":"datadog16"},"response_format":"scalar","queries":[{"search":{"query":"@eventType:*"},"data_source":"logs","compute":{"aggregation":"count"},"name":"query1","indexes":["*"],"group_by":[{"facet":"@applicationOwner","sort":{"aggregation":"count","order":"desc"},"limit":10}]}]}],"type":"sunburst","legend":{"type":"automatic"}},"layout":{"x":6,"y":5,"width":6,"height":5}},{"id":1523501418305072,"definition":{"title":"API Usage By Application","title_size":"16","title_align":"left","type":"query_table","requests":[{"formulas":[{"formula":"query1","conditional_formats":[],"limit":{"count":1000,"order":"desc"},"cell_display_mode":"bar"}],"response_format":"scalar","queries":[{"search":{"query":"@eventType:*"},"data_source":"logs","compute":{"aggregation":"count"},"name":"query1","indexes":["*"],"group_by":[{"facet":"@apiName","sort":{"aggregation":"count","order":"desc"},"limit":10},{"facet":"@apiVersion","sort":{"aggregation":"count","order":"desc"},"limit":10},{"facet":"@applicationName","sort":{"aggregation":"count","order":"desc"},"limit":10}]}]}],"has_search_bar":"auto"},"layout":{"x":0,"y":10,"width":6,"height":6}},{"id":3003575099268918,"definition":{"title":"API Usage By Version","title_size":"16","title_align":"left","type":"query_table","requests":[{"formulas":[{"formula":"query1","conditional_formats":[],"limit":{"count":100,"order":"desc"},"cell_display_mode":"bar"}],"response_format":"scalar","queries":[{"search":{"query":"@eventType:*"},"data_source":"logs","compute":{"aggregation":"count"},"name":"query1","indexes":["*"],"group_by":[{"facet":"@apiName","sort":{"aggregation":"count","order":"desc"},"limit":10},{"facet":"@apiVersion","sort":{"aggregation":"count","order":"desc"},"limit":10}]}]}],"has_search_bar":"auto"},"layout":{"x":6,"y":10,"width":6,"height":6}},{"id":6785742668093269,"definition":{"title":"API Resource Usage Summary","title_size":"16","title_align":"left","type":"query_table","requests":[{"formulas":[{"formula":"query1","conditional_formats":[],"limit":{"count":625,"order":"desc"},"cell_display_mode":"bar"}],"response_format":"scalar","queries":[{"search":{"query":"@eventType:*"},"data_source":"logs","compute":{"aggregation":"count"},"name":"query1","indexes":["*"],"group_by":[{"facet":"@apiName","sort":{"aggregation":"count","order":"desc"},"limit":5},{"facet":"@apiVersion","sort":{"aggregation":"count","order":"desc"},"limit":5},{"facet":"@apiResourceTemplate","sort":{"aggregation":"count","order":"desc"},"limit":5},{"facet":"@apiMethod","sort":{"aggregation":"count","order":"desc"},"limit":5}]}]}],"has_search_bar":"auto"},"layout":{"x":0,"y":16,"width":6,"height":5}},{"id":7137445514085011,"definition":{"title":"API Backend Usage Summary","title_size":"16","title_align":"left","type":"query_table","requests":[{"formulas":[{"formula":"query1","conditional_formats":[],"limit":{"count":1000,"order":"desc"},"cell_display_mode":"bar"}],"response_format":"scalar","queries":[{"search":{"query":"@eventType:*"},"data_source":"logs","compute":{"aggregation":"count"},"name":"query1","indexes":["*"],"group_by":[{"facet":"@apiName","sort":{"aggregation":"count","order":"desc"},"limit":10},{"facet":"@apiVersion","sort":{"aggregation":"count","order":"desc"},"limit":10},{"facet":"@destination","sort":{"aggregation":"count","order":"desc"},"limit":10}]}]}],"has_search_bar":"auto"},"layout":{"x":6,"y":16,"width":6,"height":5}}],"template_variables":[],"layout_type":"ordered","is_read_only":false,"notify_list":[],"reflow_type":"fixed","id":"td2-vqb-36u"}