{"title":"Devices","description":"","widgets":[{"id":6956738356607773,"definition":{"title":"Top Platform","title_size":"16","title_align":"left","requests":[{"formulas":[{"formula":"query1","limit":{"order":"desc"}}],"style":{"palette":"datadog16"},"response_format":"scalar","queries":[{"search":{"query":"@eventType:*"},"data_source":"logs","compute":{"aggregation":"count"},"name":"query1","indexes":["*"],"group_by":[{"facet":"@platform","sort":{"aggregation":"count","order":"desc"},"limit":10}]}]}],"type":"sunburst","legend":{"type":"automatic"}},"layout":{"x":0,"y":0,"width":6,"height":6}},{"id":7049501107393498,"definition":{"title":"Top User Agent","title_size":"16","title_align":"left","requests":[{"formulas":[{"formula":"query1","limit":{"order":"desc"}}],"style":{"palette":"datadog16"},"response_format":"scalar","queries":[{"search":{"query":"@eventType:*"},"data_source":"logs","compute":{"aggregation":"count"},"name":"query1","indexes":["*"],"group_by":[{"facet":"@userAgent","sort":{"aggregation":"count","order":"desc"},"limit":10}]}]}],"type":"sunburst","legend":{"type":"automatic"}},"layout":{"x":6,"y":0,"width":6,"height":6}}],"template_variables":[],"layout_type":"ordered","is_read_only":false,"notify_list":[],"reflow_type":"fixed","id":"xzn-qtr-24n"}