{"title":"Error","description":"","widgets":[{"id":681038668371555,"definition":{"title":"Error By Category","title_size":"16","title_align":"left","show_legend":true,"legend_layout":"auto","legend_columns":["avg","min","max","value","sum"],"type":"timeseries","requests":[{"formulas":[{"formula":"query1"}],"response_format":"timeseries","queries":[{"search":{"query":"@eventType:faulty"},"data_source":"logs","compute":{"aggregation":"count"},"name":"query1","indexes":["*"],"group_by":[{"facet":"@errorType","sort":{"aggregation":"count","order":"desc"},"limit":10}]}],"style":{"palette":"dog_classic","line_type":"solid","line_width":"normal"},"display_type":"line"}]},"layout":{"x":0,"y":0,"width":6,"height":4}},{"id":8244751591758988,"definition":{"title":"Errors By Category","title_size":"16","title_align":"left","type":"query_table","requests":[{"formulas":[{"alias":"Count of Record","conditional_formats":[],"limit":{"count":100,"order":"desc"},"cell_display_mode":"bar","formula":"query1"}],"response_format":"scalar","queries":[{"search":{"query":"@eventType:faulty"},"data_source":"logs","compute":{"aggregation":"count"},"name":"query1","indexes":["*"],"group_by":[{"facet":"@apiName","sort":{"aggregation":"count","order":"desc"},"limit":10},{"facet":"@errorType","sort":{"aggregation":"count","order":"desc"},"limit":10}]}]}],"has_search_bar":"auto"},"layout":{"x":6,"y":0,"width":6,"height":4}},{"id":3723105897456423,"definition":{"title":"Error by Status Code","title_size":"16","title_align":"left","show_legend":true,"legend_layout":"horizontal","legend_columns":["avg","min","max","value","sum"],"type":"timeseries","requests":[{"formulas":[{"alias":"Target","formula":"query1"}],"response_format":"timeseries","queries":[{"search":{"query":"@targetResponseCode:>299"},"data_source":"logs","compute":{"aggregation":"count"},"name":"query1","indexes":["*"],"group_by":[{"facet":"@targetResponseCode","sort":{"aggregation":"count","order":"desc"},"limit":10}]}],"style":{"palette":"dog_classic","line_type":"solid","line_width":"normal"},"display_type":"line"},{"formulas":[{"alias":"Proxy","formula":"query0"}],"response_format":"timeseries","queries":[{"search":{"query":"@proxyResponseCode:>299"},"data_source":"logs","compute":{"aggregation":"count"},"name":"query0","indexes":["*"],"group_by":[{"facet":"@proxyResponseCode","sort":{"aggregation":"count","order":"desc"},"limit":10}]}],"style":{"palette":"dog_classic","line_type":"solid","line_width":"normal"},"display_type":"line"}],"markers":[]},"layout":{"x":0,"y":4,"width":12,"height":5}},{"id":8132401198116385,"definition":{"title":"Proxy Error","type":"treemap","requests":[{"formulas":[{"formula":"query1"}],"response_format":"scalar","queries":[{"search":{"query":"@eventType:faulty"},"data_source":"logs","compute":{"aggregation":"count"},"name":"query1","indexes":["*"],"group_by":[{"facet":"@proxyResponseCode","sort":{"aggregation":"count","order":"desc"},"limit":10},{"facet":"@apiName","sort":{"aggregation":"count","order":"desc"},"limit":10}]}]}]},"layout":{"x":0,"y":9,"width":6,"height":5}},{"id":7347681192459863,"definition":{"title":"Target Error","type":"treemap","requests":[{"formulas":[{"formula":"query1"}],"response_format":"scalar","queries":[{"search":{"query":"@eventType:faulty"},"data_source":"logs","compute":{"aggregation":"count"},"name":"query1","indexes":["*"],"group_by":[{"facet":"@targetResponseCode","sort":{"aggregation":"count","order":"desc"},"limit":10},{"facet":"@apiName","sort":{"aggregation":"count","order":"desc"},"limit":10}]}]}]},"layout":{"x":6,"y":9,"width":6,"height":5}}],"template_variables":[],"layout_type":"ordered","is_read_only":false,"notify_list":[],"reflow_type":"fixed","id":"8g3-qrs-6c3"}