{"title":"Letancy","description":"","widgets":[{"id":2841018187961303,"definition":{"title":"Top 10 Slowest APIs","title_size":"16","title_align":"left","type":"toplist","requests":[{"formulas":[{"formula":"query1","limit":{"count":10,"order":"desc"}}],"response_format":"scalar","queries":[{"search":{"query":"@eventType:*"},"data_source":"logs","compute":{"aggregation":"count"},"name":"query1","indexes":["*"],"group_by":[{"facet":"@apiName","sort":{"aggregation":"count","order":"desc"},"limit":10}]}]}]},"layout":{"x":0,"y":0,"width":12,"height":5}},{"id":7391531193505203,"definition":{"title":"Total Latency","title_size":"16","title_align":"left","show_legend":true,"legend_layout":"auto","legend_columns":["avg","min","max","value","sum"],"type":"timeseries","requests":[{"formulas":[{"alias":"Median","formula":"query1"}],"response_format":"timeseries","queries":[{"search":{"query":"@eventType:response"},"data_source":"logs","compute":{"metric":"@responseLatency","aggregation":"median"},"name":"query1","indexes":["*"],"group_by":[]}],"style":{"palette":"dog_classic","line_type":"solid","line_width":"normal"},"display_type":"line"},{"formulas":[{"alias":"95th Percentile","formula":"query0"}],"response_format":"timeseries","queries":[{"search":{"query":"@eventType:response"},"data_source":"logs","compute":{"metric":"@responseLatency","aggregation":"pc95"},"name":"query0","indexes":["*"],"group_by":[]}],"style":{"palette":"dog_classic","line_type":"solid","line_width":"normal"},"display_type":"line"}]},"layout":{"x":0,"y":5,"width":6,"height":4}},{"id":3991081707405914,"definition":{"title":"Request Mediation Latency","title_size":"16","title_align":"left","show_legend":true,"legend_layout":"auto","legend_columns":["avg","min","max","value","sum"],"type":"timeseries","requests":[{"formulas":[{"alias":"Median","formula":"query1"}],"response_format":"timeseries","queries":[{"search":{"query":"@eventType:response"},"data_source":"logs","compute":{"metric":"@requestMediationLatency","aggregation":"median"},"name":"query1","indexes":["*"],"group_by":[]}],"style":{"palette":"dog_classic","line_type":"solid","line_width":"normal"},"display_type":"line"},{"formulas":[{"alias":"95th Percentile","formula":"query0"}],"response_format":"timeseries","queries":[{"search":{"query":"@eventType:response"},"data_source":"logs","compute":{"metric":"@requestMediationLatency","aggregation":"pc95"},"name":"query0","indexes":["*"],"group_by":[]}],"style":{"palette":"dog_classic","line_type":"solid","line_width":"normal"},"display_type":"line"}]},"layout":{"x":6,"y":5,"width":6,"height":4}},{"id":1386837268833947,"definition":{"title":"Response Mediation Latency","title_size":"16","title_align":"left","show_legend":true,"legend_layout":"auto","legend_columns":["avg","min","max","value","sum"],"type":"timeseries","requests":[{"formulas":[{"alias":"Median","formula":"query1"}],"response_format":"timeseries","queries":[{"search":{"query":"@eventType:response"},"data_source":"logs","compute":{"metric":"@responseMediationLatency","aggregation":"median"},"name":"query1","indexes":["*"],"group_by":[]}],"style":{"palette":"dog_classic","line_type":"solid","line_width":"normal"},"display_type":"line"},{"formulas":[{"alias":"95th Percentile","formula":"query0"}],"response_format":"timeseries","queries":[{"search":{"query":"@eventType:response"},"data_source":"logs","compute":{"metric":"@responseMediationLatency","aggregation":"pc95"},"name":"query0","indexes":["*"],"group_by":[]}],"style":{"palette":"dog_classic","line_type":"solid","line_width":"normal"},"display_type":"line"}]},"layout":{"x":0,"y":9,"width":6,"height":4}},{"id":7242144999677240,"definition":{"title":"Target Letancy","title_size":"16","title_align":"left","show_legend":true,"legend_layout":"auto","legend_columns":["avg","min","max","value","sum"],"type":"timeseries","requests":[{"formulas":[{"alias":"Median","formula":"query1"}],"response_format":"timeseries","queries":[{"search":{"query":"@eventType:response"},"data_source":"logs","compute":{"metric":"@backendLatency","aggregation":"median"},"name":"query1","indexes":["*"],"group_by":[]}],"style":{"palette":"dog_classic","line_type":"solid","line_width":"normal"},"display_type":"line"},{"formulas":[{"alias":"95th Percentile","formula":"query0"}],"response_format":"timeseries","queries":[{"search":{"query":"@eventType:response"},"data_source":"logs","compute":{"metric":"@responseLatency","aggregation":"pc95"},"name":"query0","indexes":["*"],"group_by":[]}],"style":{"palette":"dog_classic","line_type":"solid","line_width":"normal"},"display_type":"line"}]},"layout":{"x":6,"y":9,"width":6,"height":4}}],"template_variables":[],"layout_type":"ordered","is_read_only":false,"notify_list":[],"reflow_type":"fixed","id":"pje-ixd-kef"}