{"title":"Overview","description":"","widgets":[{"id":3179291751067848,"definition":{"title":"Total Traffic","title_size":"16","title_align":"left","type":"query_value","requests":[{"formulas":[{"formula":"query1"}],"response_format":"scalar","queries":[{"search":{"query":"@eventType:*"},"data_source":"logs","compute":{"aggregation":"count"},"name":"query1","indexes":["*"],"group_by":[]}]}],"autoscale":true,"precision":2,"timeseries_background":{"type":"area","yaxis":{"include_zero":false}}},"layout":{"x":0,"y":0,"width":6,"height":3}},{"id":1100403002070720,"definition":{"title":"Error Request Count","title_size":"16","title_align":"left","type":"query_value","requests":[{"formulas":[{"formula":"query1"}],"response_format":"scalar","queries":[{"search":{"query":"@eventType:faulty"},"data_source":"logs","compute":{"aggregation":"count"},"name":"query1","indexes":["*"],"group_by":[]}]}],"autoscale":true,"precision":2,"timeseries_background":{"type":"area","yaxis":{"include_zero":false}}},"layout":{"x":6,"y":0,"width":6,"height":3}},{"id":4961792622549364,"definition":{"title":"API Request Summery","title_size":"16","title_align":"left","show_legend":true,"legend_layout":"auto","legend_columns":["avg","min","max","value","sum"],"type":"timeseries","requests":[{"formulas":[{"formula":"query1"}],"response_format":"timeseries","queries":[{"search":{"query":"@eventType:*"},"data_source":"logs","compute":{"aggregation":"count"},"name":"query1","indexes":["*"],"group_by":[{"facet":"@eventType","sort":{"aggregation":"count","order":"desc"},"limit":10}]}],"style":{"palette":"dog_classic","line_type":"solid","line_width":"normal"},"display_type":"area"}]},"layout":{"x":0,"y":3,"width":6,"height":4}},{"id":64748341518522,"definition":{"title":"Average Latency","title_size":"16","title_align":"left","show_legend":true,"legend_layout":"auto","legend_columns":["avg","min","max","value","sum"],"type":"timeseries","requests":[{"formulas":[{"formula":"query1"}],"response_format":"timeseries","queries":[{"search":{"query":"@eventType:*"},"data_source":"logs","compute":{"metric":"@backendLatency","aggregation":"avg"},"name":"query1","indexes":["*"],"group_by":[]}],"style":{"palette":"dog_classic","line_type":"solid","line_width":"normal"},"display_type":"area"}]},"layout":{"x":6,"y":3,"width":6,"height":4}},{"id":1523218460073247,"definition":{"title":"Event Breakdown by Type","title_size":"16","title_align":"left","requests":[{"formulas":[{"formula":"query1"}],"style":{"palette":"datadog16"},"response_format":"scalar","queries":[{"search":{"query":"@eventType:*"},"data_source":"logs","compute":{"aggregation":"count"},"name":"query1","indexes":["*"],"group_by":[{"facet":"@eventType","sort":{"aggregation":"count","order":"desc"},"limit":10}]}]}],"type":"sunburst","legend":{"type":"automatic"}},"layout":{"x":0,"y":7,"width":12,"height":5}}],"template_variables":[],"layout_type":"ordered","is_read_only":false,"notify_list":[],"reflow_type":"fixed","id":"tsv-m4i-m9c"}