{"title":"Traffic","description":"","widgets":[{"id":5288631491191892,"definition":{"title":"APIM Usage Overtime","title_size":"16","title_align":"left","show_legend":true,"legend_layout":"auto","legend_columns":["avg","min","max","value","sum"],"type":"timeseries","requests":[{"formulas":[{"formula":"query1"}],"response_format":"timeseries","queries":[{"search":{"query":"@eventType:*"},"data_source":"logs","compute":{"aggregation":"count"},"name":"query1","indexes":["*"],"group_by":[]}],"style":{"palette":"dog_classic","line_type":"solid","line_width":"normal"},"display_type":"area"}]},"layout":{"x":0,"y":0,"width":12,"height":5}},{"id":5550282191347728,"definition":{"title":"API Usage By Target","title_size":"16","title_align":"left","requests":[{"formulas":[{"formula":"query1","limit":{"order":"desc"}}],"style":{"palette":"datadog16"},"response_format":"scalar","queries":[{"search":{"query":"@eventType:*"},"data_source":"logs","compute":{"aggregation":"count"},"name":"query1","indexes":["*"],"group_by":[{"facet":"@destination","sort":{"aggregation":"count","order":"desc"},"limit":10}]}]}],"type":"sunburst","legend":{"type":"automatic"}},"layout":{"x":0,"y":5,"width":6,"height":5}},{"id":7019500813075205,"definition":{"title":"API Usage By Application","title_size":"16","title_align":"left","requests":[{"formulas":[{"formula":"query1","limit":{"order":"desc"}}],"style":{"palette":"datadog16"},"response_format":"scalar","queries":[{"search":{"query":"@eventType:*"},"data_source":"logs","compute":{"aggregation":"count"},"name":"query1","indexes":["*"],"group_by":[{"facet":"@applicationName","sort":{"aggregation":"count","order":"desc"},"limit":10}]}]}],"type":"sunburst","legend":{"type":"automatic"}},"layout":{"x":6,"y":5,"width":6,"height":5}},{"id":1912019536389615,"definition":{"title":"API Resource Usage","title_size":"16","title_align":"left","type":"query_table","requests":[{"formulas":[{"formula":"query1","conditional_formats":[],"limit":{"count":1000,"order":"desc"},"cell_display_mode":"bar"}],"response_format":"scalar","queries":[{"search":{"query":"@eventType:*"},"data_source":"logs","compute":{"aggregation":"count"},"name":"query1","indexes":["*"],"group_by":[{"facet":"@apiName","sort":{"aggregation":"count","order":"desc"},"limit":10},{"facet":"@apiResourceTemplate","sort":{"aggregation":"count","order":"desc"},"limit":10},{"facet":"@apiMethod","sort":{"aggregation":"count","order":"desc"},"limit":10}]}]}],"has_search_bar":"auto"},"layout":{"x":0,"y":10,"width":12,"height":7}}],"template_variables":[],"layout_type":"ordered","is_read_only":false,"notify_list":[],"reflow_type":"fixed","id":"idd-i2n-av8"}