{"title":"User Analytics","description":"","widgets":[{"id":8500432031396505,"definition":{"title":"Top API Users","title_size":"16","title_align":"left","requests":[{"formulas":[{"formula":"query1","limit":{"order":"desc"}}],"style":{"palette":"datadog16"},"response_format":"scalar","queries":[{"search":{"query":"@eventType:*"},"data_source":"logs","compute":{"aggregation":"count"},"name":"query1","indexes":["*"],"group_by":[{"facet":"@userName","sort":{"aggregation":"count","order":"desc"},"limit":10}]}]}],"type":"sunburst","legend":{"type":"automatic"}},"layout":{"x":0,"y":0,"width":6,"height":5}},{"id":1182722049197009,"definition":{"title":"API Call Status","title_size":"16","title_align":"left","requests":[{"formulas":[{"formula":"query1","limit":{"order":"desc"}}],"style":{"palette":"datadog16"},"response_format":"scalar","queries":[{"search":{"query":"@eventType:*"},"data_source":"logs","compute":{"aggregation":"count"},"name":"query1","indexes":["*"],"group_by":[{"facet":"@eventType","sort":{"aggregation":"count","order":"desc"},"limit":10}]}]}],"type":"sunburst","legend":{"type":"automatic"}},"layout":{"x":6,"y":0,"width":6,"height":5}},{"id":905136801445144,"definition":{"title":"API User Analytics","title_size":"16","title_align":"left","type":"query_table","requests":[{"formulas":[{"alias":"Faulty","conditional_formats":[],"cell_display_mode":"bar","formula":"query1"},{"alias":"Success","conditional_formats":[],"limit":{"count":625,"order":"desc"},"cell_display_mode":"bar","formula":"query2"},{"alias":"Total","conditional_formats":[],"cell_display_mode":"bar","formula":"query3"}],"response_format":"scalar","queries":[{"search":{"query":"@eventType:faulty"},"data_source":"logs","compute":{"aggregation":"count"},"name":"query1","indexes":["*"],"group_by":[{"facet":"@userName","sort":{"aggregation":"count","order":"desc"},"limit":5},{"facet":"@apiName","sort":{"aggregation":"count","order":"desc"},"limit":5},{"facet":"@apiVersion","sort":{"aggregation":"count","order":"desc"},"limit":5},{"facet":"@applicationName","sort":{"aggregation":"count","order":"desc"},"limit":5}]},{"search":{"query":"@eventType:response"},"data_source":"logs","compute":{"aggregation":"count"},"name":"query2","indexes":["*"],"group_by":[{"facet":"@userName","sort":{"aggregation":"count","order":"desc"},"limit":5},{"facet":"@apiName","sort":{"aggregation":"count","order":"desc"},"limit":5},{"facet":"@apiVersion","sort":{"aggregation":"count","order":"desc"},"limit":5},{"facet":"@applicationName","sort":{"aggregation":"count","order":"desc"},"limit":5}]},{"search":{"query":"@eventType:*"},"data_source":"logs","compute":{"aggregation":"count"},"name":"query3","indexes":["*"],"group_by":[{"facet":"@userName","sort":{"aggregation":"count","order":"desc"},"limit":5},{"facet":"@apiName","sort":{"aggregation":"count","order":"desc"},"limit":5},{"facet":"@apiVersion","sort":{"aggregation":"count","order":"desc"},"limit":5},{"facet":"@applicationName","sort":{"aggregation":"count","order":"desc"},"limit":5}]}]}],"has_search_bar":"auto"},"layout":{"x":0,"y":5,"width":6,"height":5}},{"id":8343175112560065,"definition":{"title":"User Per API","title_size":"16","title_align":"left","type":"query_table","requests":[{"formulas":[{"alias":"Hits","conditional_formats":[],"limit":{"count":1000,"order":"desc"},"cell_display_mode":"bar","formula":"query1"}],"response_format":"scalar","queries":[{"search":{"query":"@eventType:*"},"data_source":"logs","compute":{"aggregation":"count"},"name":"query1","indexes":["*"],"group_by":[{"facet":"@userName","sort":{"aggregation":"count","order":"desc"},"limit":10},{"facet":"@apiName","sort":{"aggregation":"count","order":"desc"},"limit":10},{"facet":"@apiVersion","sort":{"aggregation":"count","order":"desc"},"limit":10}]}]}],"has_search_bar":"auto"},"layout":{"x":6,"y":5,"width":6,"height":5}}],"template_variables":[],"layout_type":"ordered","is_read_only":false,"notify_list":[],"reflow_type":"fixed","id":"i38-9d9-56p"}