{
  "name": "APIM OVERALL HIGHEST LATENCY",
  "id": "APIMOverallHighestLatency",
  "thumbnailURL": "",
  "configs": {
    "pubsub": {
      "types": ["subscriber"]
    },
    "providerConfig" : {
      "configs": {
        "type": "SiddhiStoreDataProvider",
        "config": {
          "siddhiApp": "@App:name('latency time')\ndefine stream Request (meta_clientType string, applicationConsumerKey string, applicationName string, applicationId string, applicationOwner string, apiContext string, apiName string, apiVersion string, apiResourcePath string, apiResourceTemplate string, apiMethod string, apiCreator string, apiCreatorTenantDomain string, apiTier string, apiHostname string, username string, userTenantDomain string, userIp string, userAgent string, requestTimestamp long, throttledOut bool, responseTime long, serviceTime long, backendTime long, responseCacheHit bool, responseSize long, protocol string, responseCode int, destination string, securityLatency long, throttlingLatency long, requestMedLat long, responseMedLat long, backendLatency long, otherLatency long, gatewayType string, label string);\n@store(type = 'rdbms', datasource = 'APIM_ANALYTICS_DB', field.length = \"apiMethod:20, regionalID:20, SHARD_ID:20\")\n@purge(enable='true', interval='60 min', @retentionPeriod(sec='1 hour', min='3 days', hours='90 days', days='1 year', months='10 years'))\n@persistedAggregation(enable='true', is.read.only='true')\ndefine aggregation ApiExeTime\nfrom Request\nselect apiName, apiVersion, apiContext, apiCreator, apiCreatorTenantDomain, apiHostname, apiResourceTemplate, apiMethod, avg(responseTime) as responseTime, avg(serviceTime) as serviceTime, avg(backendTime) as backendTime, avg(securityLatency) as securityLatency, avg(throttlingLatency) as throttlingLatency, avg(requestMedLat) as requestMedLat, avg(responseMedLat) as responseMedLat, avg(backendLatency) as backendLatency, avg(otherLatency) as otherLatency, 'default' as regionalID\ngroup by apiContext, apiHostname, apiResourceTemplate, apiMethod\naggregate by requestTimestamp every seconds...years;",
          "queryData": {
            "query": "from ApiExeTime on apiCreatorTenantDomain=='{{tenantDomain}}' within {{from}}L, {{to}}L per \"{{per}}s\" select apiName, apiVersion, responseTime * 1.0 as highestlatency order by highestlatency desc limit 1;"
          },
          "publishingInterval": 60
        }
      }
    },
    "options": [
      {
        "id": "header",
        "title": "Header",
        "type": {
          "name": "BOOLEAN",
          "possibleValues": [
            true,
            false
          ]
        },
        "defaultValue": false
      },
      {
        "id": "drillDown",
        "title": "Latency Page",
        "type": {
          "name": "TEXT"
        },
        "defaultValue": "latency"
      }
    ]
  }
}
