{
  "id": "http:\/\/wso2jsonschema.org",
  "title": "DeleteMessageBatchResponse",
  "$schema": "http:\/\/wso2.org\/json-schema\/wso2-data-mapper-v5.0.0\/schema#",
  "properties": {
    "DeleteMessageBatchResult": {
      "id": "http:\/\/wso2jsonschema.org\/DeleteMessageBatchResult",
      "type": "object",
      "properties": {
        "DeleteMessageBatchResultEntry": {
          "id": "http:\/\/wso2jsonschema.org\/DeleteMessageBatchResult\/DeleteMessageBatchResultEntry",
          "type": "array",
          "items": [
            {
              "id": "http:\/\/wso2jsonschema.org\/DeleteMessageBatchResult\/DeleteMessageBatchResultEntry\/0",
              "type": "object",
              "properties": {
                "Id": {
                  "id": "http:\/\/wso2jsonschema.org\/DeleteMessageBatchResult\/DeleteMessageBatchResultEntry\/0\/Id",
                  "type": "string"
                }
              }
            }
          ]
        }
      }
    },
    "ResponseMetadata": {
      "id": "http:\/\/wso2jsonschema.org\/ResponseMetadata",
      "type": "object",
      "properties": {
        "RequestId": {
          "id": "http:\/\/wso2jsonschema.org\/ResponseMetadata\/RequestId",
          "type": "string"
        }
      }
    }
  },
  "type": "object",
  "namespaces": [
    {
      "prefix": "axis2ns5",
      "url": "http:\/\/queue.amazonaws.com\/doc\/2012-11-05\/"
    }
  ]
}