<?xml version="1.0" encoding="UTF-8"?><artifacts>
    <artifact name="createTweet" groupId="com.example.api" version="1.0.0" type="synapse/api" serverRole="EnterpriseServiceBus">
        <file>src/main/synapse-config/api/createTweet.xml</file>
    </artifact>
    <artifact name="createTweet_swagger" groupId="com.example.metadata" version="1.0.0" type="synapse/metadata" serverRole="EnterpriseServiceBus">
        <file>src/main/resources/metadata/createTweet_swagger.yaml</file>
    </artifact>
    <artifact name="createTweet_metadata" groupId="com.example.metadata" version="1.0.0" type="synapse/metadata" serverRole="EnterpriseServiceBus">
        <file>src/main/resources/metadata/createTweet_metadata.yaml</file>
    </artifact>
</artifacts>
