<?xml version="1.0" encoding="UTF-8"?><artifacts>
    <artifact name="createFunction" groupId="com.example.AmazonLamdaConnector.proxy-service" version="1.0.0" type="synapse/proxy-service" serverRole="EnterpriseServiceBus">
        <file>src/main/synapse-config/proxy-services/createFunction.xml</file>
    </artifact>
    <artifact name="invokeLambdaFunction" groupId="com.example.AmazonLamdaConnector.proxy-service" version="1.0.0" type="synapse/proxy-service" serverRole="EnterpriseServiceBus">
        <file>src/main/synapse-config/proxy-services/invokeLambdaFunction.xml</file>
    </artifact>
    <artifact name="createFunction" groupId="com.example.AmazonLamdaConnector.api" version="1.0.0" type="synapse/api" serverRole="EnterpriseServiceBus">
        <file>src/main/synapse-config/api/createFunction.xml</file>
    </artifact>
</artifacts>
