{
  "$schema": "http://wso2.org/json-schema/wso2-data-mapper-v5.0.0/schema#",
  "id": "http://wso2jsonschema.org",
  "type": "object",
  "title": "root",
  "properties": {
    "xRefCode": {
      "id": "http://wso2jsonschema.org/xRefCode",
      "type": "string"
    },
    "isValidateOnly": {
      "id": "http://wso2jsonschema.org/isValidateOnly",
      "type": "boolean"
    },
    "fieldAndValue": {
      "id": "http://wso2jsonschema.org/fieldAndValue",
      "type": "object",
      "properties": {
        "EffectiveEnd": {
          "id": "http://wso2jsonschema.org/EffectiveEnd",
          "nullable": "true",
          "type": "string"
        },
        "EffectiveStart": {
          "id": "http://wso2jsonschema.org/EffectiveStart",
          "nullable": "true",
          "type": "string"
        },
        "XRefCode": {
          "id": "http://wso2jsonschema.org/XRefCode",
          "nullable": "true",
          "type": "string"
        },
        "EmploymentAgreementType": {
          "id": "http://wso2jsonschema.org/EmploymentAgreementType",
          "nullable": "true",
          "type": "object",
          "properties": {
            "XRefCode": {
              "id": "http://wso2jsonschema.org/EmploymentAgreementType/XRefCode",
              "nullable": "true",
              "type": "string"
            },
            "ShortName": {
              "id": "http://wso2jsonschema.org/EmploymentAgreementType/ShortName",
              "nullable": "true",
              "type": "string"
            },
            "LongName": {
              "id": "http://wso2jsonschema.org/EmploymentAgreementType/LongName",
              "nullable": "true",
              "type": "string"
            },
            "LastModifiedTimestamp": {
              "id": "http://wso2jsonschema.org/EmploymentAgreementType/LastModifiedTimestamp",
              "nullable": "true",
              "type": "string"
            }
          }
        },
        "EmploymentAgreementPopulation": {
          "id": "http://wso2jsonschema.org/EmploymentAgreementPopulation",
          "nullable": "true",
          "type": "object",
          "properties": {
            "XRefCode": {
              "id": "http://wso2jsonschema.org/EmploymentAgreementPopulation/XRefCode",
              "nullable": "true",
              "type": "string"
            },
            "ShortName": {
              "id": "http://wso2jsonschema.org/EmploymentAgreementPopulation/ShortName",
              "nullable": "true",
              "type": "string"
            },
            "LongName": {
              "id": "http://wso2jsonschema.org/EmploymentAgreementPopulation/LongName",
              "nullable": "true",
              "type": "string"
            },
            "LastModifiedTimestamp": {
              "id": "http://wso2jsonschema.org/EmploymentAgreementPopulation/LastModifiedTimestamp",
              "nullable": "true",
              "type": "string"
            }
          }
        },
        "EmploymentAgreementDetails": {
          "id": "http://wso2jsonschema.org/EmploymentAgreementDetails",
          "nullable": "true",
          "type": "object",
          "properties": {
            "XRefCode": {
              "id": "http://wso2jsonschema.org/EmploymentAgreementDetails/XRefCode",
              "nullable": "true",
              "type": "string"
            },
            "ShortName": {
              "id": "http://wso2jsonschema.org/EmploymentAgreementDetails/ShortName",
              "nullable": "true",
              "type": "string"
            },
            "LongName": {
              "id": "http://wso2jsonschema.org/EmploymentAgreementDetails/LongName",
              "nullable": "true",
              "type": "string"
            },
            "LastModifiedTimestamp": {
              "id": "http://wso2jsonschema.org/EmploymentAgreementDetails/LastModifiedTimestamp",
              "nullable": "true",
              "type": "string"
            }
          }
        },
        "EmploymentAgreementTaxRegime": {
          "id": "http://wso2jsonschema.org/EmploymentAgreementTaxRegime",
          "nullable": "true",
          "type": "object",
          "properties": {
            "XRefCode": {
              "id": "http://wso2jsonschema.org/EmploymentAgreementTaxRegime/XRefCode",
              "nullable": "true",
              "type": "string"
            },
            "ShortName": {
              "id": "http://wso2jsonschema.org/EmploymentAgreementTaxRegime/ShortName",
              "nullable": "true",
              "type": "string"
            },
            "LongName": {
              "id": "http://wso2jsonschema.org/EmploymentAgreementTaxRegime/LongName",
              "nullable": "true",
              "type": "string"
            },
            "LastModifiedTimestamp": {
              "id": "http://wso2jsonschema.org/EmploymentAgreementTaxRegime/LastModifiedTimestamp",
              "nullable": "true",
              "type": "string"
            }
          }
        },
        "EmploymentAgreementDuration": {
          "id": "http://wso2jsonschema.org/EmploymentAgreementDuration",
          "nullable": "true",
          "type": "object",
          "properties": {
            "XRefCode": {
              "id": "http://wso2jsonschema.org/EmploymentAgreementDuration/XRefCode",
              "nullable": "true",
              "type": "string"
            },
            "ShortName": {
              "id": "http://wso2jsonschema.org/EmploymentAgreementDuration/ShortName",
              "nullable": "true",
              "type": "string"
            },
            "LongName": {
              "id": "http://wso2jsonschema.org/EmploymentAgreementDuration/LongName",
              "nullable": "true",
              "type": "string"
            },
            "LastModifiedTimestamp": {
              "id": "http://wso2jsonschema.org/EmploymentAgreementDuration/LastModifiedTimestamp",
              "nullable": "true",
              "type": "string"
            }
          }
        },
        "EmploymentAgreementSettlement": {
          "id": "http://wso2jsonschema.org/EmploymentAgreementSettlement",
          "nullable": "true",
          "type": "object",
          "properties": {
            "XRefCode": {
              "id": "http://wso2jsonschema.org/EmploymentAgreementSettlement/XRefCode",
              "nullable": "true",
              "type": "string"
            },
            "ShortName": {
              "id": "http://wso2jsonschema.org/EmploymentAgreementSettlement/ShortName",
              "nullable": "true",
              "type": "string"
            },
            "LongName": {
              "id": "http://wso2jsonschema.org/EmploymentAgreementSettlement/LongName",
              "nullable": "true",
              "type": "string"
            },
            "LastModifiedTimestamp": {
              "id": "http://wso2jsonschema.org/EmploymentAgreementSettlement/LastModifiedTimestamp",
              "nullable": "true",
              "type": "string"
            }
          }
        },
        "GovernmentIdentifier": {
          "id": "http://wso2jsonschema.org/GovernmentIdentifier",
          "nullable": "true",
          "type": "string"
        },
        "AgreementReason": {
          "id": "http://wso2jsonschema.org/AgreementReason",
          "nullable": "true",
          "type": "object",
          "properties": {
            "IsCompChangeReason": {
              "id": "http://wso2jsonschema.org/AgreementReason/IsCompChangeReason",
              "nullable": "true",
              "type": "boolean"
            },
            "IsLeaveReason": {
              "id": "http://wso2jsonschema.org/AgreementReason/IsLeaveReason",
              "nullable": "true",
              "type": "boolean"
            },
            "IsPositionChangeReason": {
              "id": "http://wso2jsonschema.org/AgreementReason/IsPositionChangeReason",
              "nullable": "true",
              "type": "boolean"
            },
            "IsTerminationReason": {
              "id": "http://wso2jsonschema.org/AgreementReason/IsTerminationReason",
              "nullable": "true",
              "type": "boolean"
            },
            "IsVoluntaryReason": {
              "id": "http://wso2jsonschema.org/AgreementReason/IsVoluntaryReason",
              "nullable": "true",
              "type": "boolean"
            },
            "XRefCode": {
              "id": "http://wso2jsonschema.org/AgreementReason/XRefCode",
              "nullable": "true",
              "type": "string"
            },
            "ShortName": {
              "id": "http://wso2jsonschema.org/AgreementReason/ShortName",
              "nullable": "true",
              "type": "string"
            },
            "LongName": {
              "id": "http://wso2jsonschema.org/AgreementReason/LongName",
              "nullable": "true",
              "type": "string"
            },
            "LastModifiedTimestamp": {
              "id": "http://wso2jsonschema.org/AgreementReason/LastModifiedTimestamp",
              "nullable": "true",
              "type": "string"
            }
          }
        },
        "AgreementEndReason": {
          "id": "http://wso2jsonschema.org/AgreementEndReason",
          "nullable": "true",
          "type": "object",
          "properties": {
            "IsCompChangeReason": {
              "id": "http://wso2jsonschema.org/AgreementEndReason/IsCompChangeReason",
              "nullable": "true",
              "type": "boolean"
            },
            "IsLeaveReason": {
              "id": "http://wso2jsonschema.org/AgreementEndReason/IsLeaveReason",
              "nullable": "true",
              "type": "boolean"
            },
            "IsPositionChangeReason": {
              "id": "http://wso2jsonschema.org/AgreementEndReason/IsPositionChangeReason",
              "nullable": "true",
              "type": "boolean"
            },
            "IsTerminationReason": {
              "id": "http://wso2jsonschema.org/AgreementEndReason/IsTerminationReason",
              "nullable": "true",
              "type": "boolean"
            },
            "IsVoluntaryReason": {
              "id": "http://wso2jsonschema.org/AgreementEndReason/IsVoluntaryReason",
              "nullable": "true",
              "type": "boolean"
            },
            "XRefCode": {
              "id": "http://wso2jsonschema.org/AgreementEndReason/XRefCode",
              "nullable": "true",
              "type": "string"
            },
            "ShortName": {
              "id": "http://wso2jsonschema.org/AgreementEndReason/ShortName",
              "nullable": "true",
              "type": "string"
            },
            "LongName": {
              "id": "http://wso2jsonschema.org/AgreementEndReason/LongName",
              "nullable": "true",
              "type": "string"
            },
            "LastModifiedTimestamp": {
              "id": "http://wso2jsonschema.org/AgreementEndReason/LastModifiedTimestamp",
              "nullable": "true",
              "type": "string"
            }
          }
        },
        "Country": {
          "id": "http://wso2jsonschema.org/Country",
          "nullable": "true",
          "type": "object",
          "properties": {
            "Name": {
              "id": "http://wso2jsonschema.org/Country/Name",
              "nullable": "true",
              "type": "string"
            },
            "XRefCode": {
              "id": "http://wso2jsonschema.org/Country/XRefCode",
              "nullable": "true",
              "type": "string"
            },
            "ShortName": {
              "id": "http://wso2jsonschema.org/Country/ShortName",
              "nullable": "true",
              "type": "string"
            },
            "LongName": {
              "id": "http://wso2jsonschema.org/Country/LongName",
              "nullable": "true",
              "type": "string"
            },
            "LastModifiedTimestamp": {
              "id": "http://wso2jsonschema.org/Country/LastModifiedTimestamp",
              "nullable": "true",
              "type": "string"
            }
          }
        },
        "LastModifiedTimestamp": {
          "id": "http://wso2jsonschema.org/LastModifiedTimestamp",
          "nullable": "true",
          "type": "string"
        }
      }
    }
  }
}