{
  "$schema": "http:\/\/wso2.org\/json-schema\/wso2-data-mapper-v5.0.0\/schema#",
  "outputType": "JSON",
  "id": "http:\/\/wso2jsonschema.org",
  "title": "root",
  "type": "object",
  "properties": {
    "Data": {
      "id": "http:\/\/wso2jsonschema.org\/Data",
      "nullable": "true",
      "type": "array",
      "items": [
        {
          "id": "http:\/\/wso2jsonschema.org\/Data\/0",
          "nullable": "true",
          "type": "object",
          "properties": {
            "Name": {
              "id": "http:\/\/wso2jsonschema.org\/Data\/0\/Name",
              "nullable": "true",
              "type": "string"
            },
            "Description": {
              "id": "http:\/\/wso2jsonschema.org\/Data\/0\/Description",
              "nullable": "true",
              "type": "string"
            },
            "XRefCode": {
              "id": "http:\/\/wso2jsonschema.org\/Data\/0\/XRefCode",
              "nullable": "true",
              "type": "string"
            },
            "MaxRows": {
              "id": "http:\/\/wso2jsonschema.org\/Data\/0\/MaxRows",
              "nullable": "true",
              "type": "number"
            }
          }
        }
      ]
    },
    "ProcessResults": {
      "id": "http:\/\/wso2jsonschema.org\/ProcessResults",
      "nullable": "true",
      "type": "array",
      "items": [
        {
          "id": "http:\/\/wso2jsonschema.org\/ProcessResults\/0",
          "nullable": "true",
          "type": "object",
          "properties": {
            "Code": {
              "id": "http:\/\/wso2jsonschema.org\/ProcessResults\/0\/Code",
              "nullable": "true",
              "type": "string"
            },
            "Context": {
              "id": "http:\/\/wso2jsonschema.org\/ProcessResults\/0\/Context",
              "nullable": "true",
              "type": "string"
            },
            "Level": {
              "id": "http:\/\/wso2jsonschema.org\/ProcessResults\/0\/Level",
              "nullable": "true",
              "type": "string"
            },
            "Message": {
              "id": "http:\/\/wso2jsonschema.org\/ProcessResults\/0\/Message",
              "nullable": "true",
              "type": "string"
            }
          }
        }
      ]
    }
  }
}