<?xml version="1.0" encoding="UTF-8"?><artifacts>
    <artifact name="MongodbConnector" groupId="com.example.api" version="1.0.0" type="synapse/api" serverRole="EnterpriseServiceBus">
        <file>src/main/synapse-config/api/MongodbConnector.xml</file>
    </artifact>
    <artifact name="connectionURI" groupId="com.example.local-entry" version="1.0.0" type="synapse/local-entry" serverRole="EnterpriseServiceBus">
        <file>/src/main/synapse-config/local-entries/connectionURI.xml</file>
    </artifact>
    <artifact name="connectionURI" groupId="com.example.local-entry" version="1.0.0" type="synapse/local-entry" serverRole="EnterpriseServiceBus">
        <file>/src/main/synapse-config/local-entries/connectionURI.xml</file>
    </artifact>
</artifacts>
